,y,z,alpha,R,Time Step,flow-time,Eloss,Ekin,max-skewness,TVPG,ven-vol,flow-av,flow-mv,WSS,wss-1,wss-2,wss-3,wss-4,wss-5,wss-6,wss-7,wss-8,wss-9,wss-10,wss-11,wss-12,wss-13,wss-14,wss-15,wss-16,wss-17,mv-pressure-drop
0,-6.975,52.575,7.875,4.1875,960.5,2.229157214999979,2.1433112924585687e-05,0.001013921263812727,0.8723744128954614,105.93452665488391,1.2174176780932809e-05,-1.6828462875756484e-05,1.4782215825684596e-05,3.4064862224209014,2.4387043437176987,11.873576908080423,12.484234137274736,2.6249969581960455,4.0036375053977515,3.516517174654416,1.7343584897143276,2.10586903384797,2.5065915805579864,2.0868560967088836,1.7538706096411922,1.5364810983062256,4.797351065264019,6.396706341544356,4.822524453652235,3.48231012288448,4.0946710170195795,573.897309095683
1,-6.925,50.725,2.875,4.4625,960.5,2.229157214999979,1.8379899032085568e-05,0.0009714001810235106,0.8627530801873281,102.63647407258911,1.2167246140811337e-05,-1.7105706816021398e-05,1.4988411804009205e-05,3.3573386870154027,2.8511643547908863,11.43030664873936,12.130462968137994,2.6414204140066184,3.2798116293073827,3.5051940153251238,1.7825888431588568,2.3590038285884654,2.7269685064643427,2.1085551116776666,2.48197637338578,2.169314052568075,3.6835524106647095,5.576410853954331,4.635990523424927,3.678568218174833,3.002430410248768,576.1041755756818
2,-6.875,49.075,-7.625,3.3125,960.5,2.229157214999979,4.928913007070102e-05,0.0016720753070753854,0.8703833688222596,150.63743833709992,1.1825144601010945e-05,-1.6046583749433457e-05,1.408041717345143e-05,6.026627438008978,3.9627783284873934,11.16020052508191,11.652350234326784,3.9642580922914465,7.357569063886187,7.098414265337948,2.315415418132724,4.1241707424659015,4.914677339156836,2.7365017842343144,5.1856124878566305,5.731806457649632,5.853625509858742,10.729236654515233,6.209026566810037,12.150212587541121,6.922214575683471,353.0768457998003
3,-6.825,51.375,-7.125,3.1375,960.5,2.229157214999979,7.134288464616192e-05,0.0018906916667323231,0.8626009524913412,192.23122676986102,1.1965177293321025e-05,-1.5742497699429005e-05,1.3911324277236627e-05,7.1528241549601095,4.592715792242895,12.505093177449346,13.68377523549096,3.856580433923632,12.582628315164722,11.696836888108448,2.57992269749884,4.9191099658475625,4.003490036023661,2.5747985055892544,7.012285844039919,7.614736842834723,6.444775140854719,12.194908613200145,6.396922759282038,15.58318328265654,7.412106808383325,371.8957679884316
4,-6.775,51.875,-4.875,4.3625,960.5,2.229157214999979,2.4874655149373635e-05,0.0011032722008644702,0.8657636658943321,89.22234317627853,1.2087886791650396e-05,-1.6860085549432773e-05,1.4893681534338545e-05,4.053180803978034,2.838821327419198,11.760123679755434,12.725148659844008,3.2677698504032646,5.871323873984091,5.443001097532188,2.0383719020906215,2.7219719546847427,3.3544183929046203,2.2737993384237596,2.9164229832029616,2.820126321293631,4.230058792886988,6.418811651372389,4.469993204386013,5.149495747967942,3.628085167116389,572.6024592448491
5,-6.725,51.575,-8.625,3.9125,960.5,2.229157214999979,3.694853478696972e-05,0.0013766259755762975,0.8695615731427153,106.57301536354791,1.201210025873256e-05,-1.654122796587753e-05,1.4642621766265803e-05,5.145722118525322,3.363495097539304,12.282169872130625,12.432229683089973,3.316539468027524,8.156711662906641,8.04796667551911,2.1319448790021975,2.8146033382062496,3.8560985914168664,2.7392475335008206,4.393748102610775,4.937850814334136,4.882152653153161,8.429363617550061,5.109030973183857,7.558237652077349,4.968041848349336,514.4211079309763
6,-6.675,52.625,6.625,3.6125,960.5,2.229157214999979,3.34169931830784e-05,0.0014215002381838928,0.8743067369650145,132.32218445718584,1.205919546729792e-05,-1.637314389440223e-05,1.4378065222104368e-05,4.411118853297506,3.1439850357794454,12.640429463553453,13.793072608464843,3.412251085791235,5.249820276367677,5.1482707833196875,2.1024920164288123,2.8522799875652383,3.4468221198552764,2.837188288693457,2.422282731753286,2.0101929419173588,6.034019164266719,8.60154963776256,6.220547281353261,4.157902127534577,5.805457399585631,529.4362476738104
7,-6.625,52.825,-3.125,3.9375,960.5,2.229157214999979,3.156271287036989e-05,0.0013253401219947255,0.9385608071144244,109.56914041264827,1.2119909289311293e-05,1.6571382168363922e-05,-1.461093504153061e-05,4.512242122362219,3.21723597689275,12.58938326279761,13.745174693718367,3.124278613199778,6.686076006246824,6.45077487076532,2.265915619043778,2.6886697237028847,3.588477229123776,2.4793814458891523,3.276168165302687,3.082401342439705,4.672836552948828,7.661947385505955,4.807799358864066,6.363789832378422,4.367789725107175,566.2776521742009
8,-6.575,51.825,3.625,4.3125,960.5,2.229157214999979,2.100732766589701e-05,0.0010239123391249873,0.9363010028675719,109.85935168397116,1.209264960518045e-05,1.6933854238643894e-05,-1.4868234514822088e-05,3.494680461347721,2.7505863781486313,11.91758560218852,12.446649953994049,2.7760714323198155,3.911961378263489,3.758452450311494,1.8639225721831456,2.176405323608439,2.619211763965548,2.001687133795226,1.9554098570764171,1.699064679262336,4.934443185858526,6.316927325357582,4.601374530324994,3.5497270541461856,3.5446179340850166,562.6904381892109
9,-6.525,50.025,4.125,3.4375,960.5,2.229157214999979,3.487144085192284e-05,0.0014126912969825327,0.8624625132555366,159.5908826717286,1.1878977964795848e-05,-1.6325013852016312e-05,1.4324229718898548e-05,4.3658809362377875,3.2731597844066593,11.12340624225912,11.640768489037116,2.726815353265992,4.347463680134297,4.550912858395671,2.0280115009795137,2.339890989824704,3.064265580974191,2.547238361769469,2.5734294359224292,2.2332529016529383,6.392228675456493,8.731146492122612,6.516360725810668,5.470753329553081,7.191292413381867,433.9531487573531
10,-6.475,52.025,4.625,3.1125,960.5,2.229157214999979,5.00559965374895e-05,0.0017873967550346927,0.8713758714789931,210.31567026560592,1.1953323696104797e-05,1.579557409678541e-05,-1.3858633655606271e-05,5.505329291137284,3.8217644602657694,12.390366899401943,13.159381268301889,3.0358601746248723,7.921374785303697,7.2236671889409045,2.5283825945565583,3.66881761599521,4.359598763072955,2.94680452630723,2.763445265294521,2.9495780447447038,7.293210923619169,10.782983335207591,7.131427923122145,8.453878547873291,8.266040457503662,390.81672233786213
11,-6.425,50.525,-1.625,2.8125,960.5,2.229157214999979,6.420167651787196e-05,0.0021788455181803047,0.874362941866426,278.537007818683,1.197696268525982e-05,1.5443426836946716e-05,-1.3534136265684432e-05,6.440458337312975,4.491460034067541,13.248510997497334,14.139515458282217,4.168911080446804,7.418070990736367,8.044525600524974,2.680850955947288,4.305202274836778,5.024333215131616,3.0170373956950867,3.966439586193154,4.210045363694506,6.62701612945006,13.479780392306884,7.725544328435858,13.241266408192638,8.65667189193288,222.9164222717115
12,-6.375,51.475,-5.125,4.4375,960.5,2.229157214999979,2.1697070032449287e-05,0.0010515498612412436,0.8971803938127165,70.99856081163152,1.2090234600542761e-05,1.6971147385149028e-05,-1.4929060128007552e-05,3.767861490635689,2.927246071681197,11.594445778907211,12.428449100598556,2.8341313670761608,4.734265225420631,4.89038494029568,1.9480832035664202,2.5186997701529137,3.1864911823864173,2.343866544285051,2.9378169828192005,3.1330633441215614,3.9626319451639516,5.563106765698895,4.294151795191265,4.22959442003038,2.5092457996080646,570.3719775876309
13,-6.325,52.475,-6.625,4.2625,960.5,2.229157214999979,2.6161468309272013e-05,0.001142940428342883,0.8580719833338283,82.03849753497434,1.212607062439966e-05,1.6792193749451088e-05,-1.4821198704390807e-05,4.124294967262767,2.761545269376557,12.681946387354474,13.112803698063212,2.9318144052696553,6.117272832326503,5.8600391503392055,1.9681321000695209,2.8521341449422932,3.2043132120223046,2.2798547175753705,3.167014065732409,3.2544041601836318,4.182450950659194,6.3868407712259625,4.607834138054838,5.174468565648392,3.628362612033672,585.0774089209909
14,-6.275,49.225,5.125,2.7125,960.5,2.229157214999979,5.5844279933954e-05,0.001905297745790087,0.9017324985911467,200.13252739420392,1.1847111573166498e-05,-1.5277794491147614e-05,1.3450072744920608e-05,5.457023939311024,4.01562338556218,11.785113336247234,12.73692724616139,3.7144674087642295,6.0064017024961815,6.360705859481675,2.4768650032991024,3.0140513692184348,3.9357062469993096,3.519816746572229,2.897712043996474,2.603711466845459,8.043245379706166,11.454004808726818,8.059238440761868,6.50068039370792,10.361142373045746,192.91720630808464
15,-6.225,50.225,0.625,3.8625,960.5,2.229157214999979,2.6178134881744712e-05,0.0012435737278651817,0.9011481718973743,144.7650426753165,1.1933686232277997e-05,-1.66276195322257e-05,1.4557196002372193e-05,3.9617582795401263,3.2979417773224804,10.80688881759542,11.340266752604341,2.893612879764283,3.921323986047452,4.027211964882071,2.1560690403619835,2.800637008869101,3.1890359007364375,2.60807198814054,2.545874353725596,2.4577186572847913,4.791153270765386,7.289413212982489,5.611176728100558,4.798896862368466,5.113916387617404,503.05853276470737
16,-6.175,50.775,-2.875,3.1625,960.5,2.229157214999979,4.967220636764545e-05,0.0018240483928255893,0.863217498906855,223.76579956131928,1.1942013964698645e-05,-1.593941547018182e-05,1.3982004219049116e-05,5.695563789427371,3.892061424372558,12.279319668149082,12.56867769803252,3.4998771278731566,6.2045270275911895,6.532356846985453,2.358172790407525,3.92376179838128,4.6726002681066605,3.1616159022030996,3.426291662232763,3.9776496696272288,5.626699245479115,11.641808621170982,6.895126682922461,11.104214239157894,7.583632039459946,372.2476721208522
17,-6.125,52.075,-2.125,2.6125,960.5,2.229157214999979,8.980850625015938e-05,0.00251152210297689,0.8717525180407614,279.0686203326106,1.200343240797979e-05,-1.5017945754974832e-05,1.3299466968409395e-05,7.783527109362315,4.829880132758998,14.309552441407247,14.775934057936222,4.495302541441453,10.392328558350886,10.7498062007118,3.2712833418650744,3.8134835493966723,6.962622669572756,3.978198011890275,5.602346544594877,6.356977508218962,7.4468699445499915,14.193681904699552,8.14066096080979,18.116895290511795,10.419237549753685,167.13451261629737
18,-6.075,49.875,-0.875,2.6625,960.5,2.229157214999979,6.285420041483295e-05,0.002170542064318254,0.8644436809077781,267.4028237833507,1.1871087876471549e-05,-1.5185902175784646e-05,1.3362387354649184e-05,6.204733790170256,4.9405688943323955,12.838124752633686,13.67338340974902,4.470963758788156,7.200020089081403,8.381525126923778,2.674212665759895,3.6759645097213354,6.27833426197651,3.3801285747026744,3.100265544058355,3.3910595188526833,6.760645364994611,12.972792560853465,8.149104897594313,10.671298851432645,8.557095924134263,143.01298997920972
19,-6.025,50.925,-7.875,4.1625,960.5,2.229157214999979,2.5379096150012033e-05,0.0011786765508637056,0.8915482610249121,84.62738105057942,1.2043307194206875e-05,-1.682623272734496e-05,1.4770759537062806e-05,4.231661460247397,3.637393214605601,11.719391471227466,12.171774034478936,3.121942642766697,4.700539984405679,4.876179159740667,2.4535827146754854,2.7477855085523837,3.5820278422651195,3.1049561186795405,3.688999096727893,4.189223039090452,3.8356677730718745,6.506626222165072,4.794036067327664,5.245984169226573,3.7314624018818514,556.8739260252495
20,-5.975,52.725,3.375,3.0125,960.5,2.229157214999979,5.242057627177685e-05,0.0018452873210031719,0.8951836296936028,215.53646879279822,1.2030359615393037e-05,-1.5727561174733232e-05,1.3810807288818286e-05,5.54381685371504,4.223414044929575,13.996377397833593,14.395689554408213,3.427550863829756,7.488365721169989,6.845569794317592,2.546719802311318,3.486518008866559,3.764235356992309,2.918963406571451,2.6528463551241743,3.055323970932287,6.467680919645398,10.983287648099495,7.127561540005841,9.223595042298815,8.461822733113141,372.9571560256259
21,-5.925,51.975,-3.375,2.6375,960.5,2.229157214999979,9.370230342238138e-05,0.0023237242160348607,0.885576429408228,274.5888016434214,1.1977732115919467e-05,-1.5052118299607417e-05,1.3302282321793204e-05,7.896001369940968,3.940910023474615,13.548886204503296,14.500918787112742,4.011228829009825,11.460877341898906,10.50353586333714,2.4403690128020235,4.395557226908702,5.94376818143658,3.4302108269809706,6.334656692662889,6.224104946351157,8.781054057059805,13.594562672103983,8.092096937799267,21.224718361169984,10.494514233789682,129.1405283260117
22,-5.875,52.675,-5.375,2.7875,960.5,2.229157214999979,8.983767926595403e-05,0.002123988557017022,0.8965871048082709,222.71099726370508,1.2030746266015289e-05,-1.5243015974917864e-05,1.3493352450463262e-05,7.574758120644105,3.7778602072118037,12.77222746030847,14.041468669714417,3.195369623678153,13.7885306381294,11.553902421228626,3.0855487364498284,4.993450121187275,3.995786600951256,3.1306822320495185,7.381753883694666,6.97491598845705,7.347033397783405,11.704641088197565,7.622650277123735,19.67677829427978,8.61494488815302,232.79831105171488
23,-5.825,49.325,2.625,4.5875,960.5,2.229157214999979,1.5973062169737377e-05,0.0008390609229106901,0.8616509541400421,65.24954997314954,1.196337321401209e-05,-1.7145320580941343e-05,1.5050873553305506e-05,2.952195195931774,2.9564995336151156,10.896964555307367,12.087014653130987,2.746783174487924,2.9702030851244756,3.226337517187106,1.754745418733198,2.300260489057278,2.4306188416843364,2.513839030790208,2.343758529067245,1.915900527596265,2.90684411875664,3.636415312044835,3.4468665361744852,3.0181769790458035,2.6340242947003705,553.7713087943749
24,-5.775,51.025,4.375,3.8125,960.5,2.229157214999979,2.535179900161943e-05,0.0011516156870179615,0.8653057335304842,142.15220676051092,1.2015335913793922e-05,-1.6621801388138157e-05,1.457540412933608e-05,3.6316061075489374,2.931167383758957,11.329018388472987,11.819118510052295,2.5019376455786166,3.4420060333501126,3.526320077254226,1.819806059140022,2.237001598073477,2.524283697748052,2.6655071766962495,2.0712711916762605,1.938004625940052,4.959811554220137,6.239121897821142,5.374356741017024,4.809821003885527,5.270816351487061,509.94513550571963
25,-5.725,50.975,1.625,3.4625,960.5,2.229157214999979,3.531773762143742e-05,0.0014559955414392468,0.8986424002808692,178.74316046273256,1.1937401793998317e-05,-1.63281993669624e-05,1.4318225280252592e-05,4.517738602239778,3.116723690225389,11.561325075327677,12.5779664502698,3.047118461168692,4.464530483963049,4.555498056457627,2.165702058219893,3.028879569306503,3.561862519224453,2.9630771021852533,2.538558468343519,2.782465840632075,6.358939879240451,9.203228599743236,6.292971607114959,5.789749913577252,6.95610781302532,442.8382963737449
26,-5.675,51.625,8.625,3.6625,960.5,2.229157214999979,2.977742099288939e-05,0.0012288844951395784,0.8648359592585562,145.06677164224848,1.1969395119028518e-05,-1.6478468190354064e-05,1.4440050730795935e-05,4.022456504796841,2.8151786146504585,11.59608400564088,12.195308088736388,2.8515262422507655,4.136346522530337,4.08936747085394,2.1058184974941145,2.0388745502462844,2.546778569038291,2.7674102602816957,2.222854075974811,2.635240417987477,6.3518666508471995,5.9909050293339705,6.092807383976236,5.76365544361266,5.856797636294244,511.0229417922719
27,-5.625,50.875,1.875,2.6875,960.5,2.229157214999979,6.199301952293297e-05,0.0021478794472113614,0.9060515701249953,278.18703042593734,1.1971364190087802e-05,-1.5232515681666249e-05,1.3480576497198633e-05,5.810680403183553,4.135118584848502,12.492733874683855,13.74757830116759,3.6967775218514136,6.549480845716145,6.90710082852645,2.9630142927070087,3.9217154705666286,5.208202081079988,2.929168038842632,2.9988354591234,2.6371021182817134,8.515740147754313,13.51051183874468,7.959195229711159,6.727310936107475,10.898921420470964,165.19091916087388
28,-5.575,49.525,-0.375,3.2875,960.5,2.229157214999979,3.997334206351518e-05,0.0016104027811450503,0.8860322129233885,214.2911396276505,1.179557071487965e-05,-1.608567257051763e-05,1.4119998775213752e-05,4.902517257863908,3.914632351615569,11.051358719805028,11.624400520657051,3.03517669015283,4.5142959806893,4.887104250651219,2.2650672667049085,3.339264031369685,3.901655107718696,3.1353124465487467,3.0822117438758947,2.9093614990262626,6.407467711167572,10.575021434373557,6.7358948046417675,6.470535845414146,7.267964615100146,355.7742787984586
29,-5.525,51.675,-4.125,4.5375,960.5,2.229157214999979,1.9211646017379066e-05,0.0009962916358512686,0.8649598810827005,77.53854230380975,1.2077762419569853e-05,-1.70454884863798e-05,1.4994792207692849e-05,3.534113894973646,2.97727237308768,11.782445569023377,12.22974243138238,2.9901020647895984,3.8787013190663893,3.942433409676251,1.9308032357491929,2.430589598154047,2.784600204260305,2.3508489124625616,3.232274441161725,3.0039174257841657,3.323880887900864,5.172220239231891,4.157714534450936,4.3659064212130305,3.14851528396894,586.6539935067433
30,-5.475,52.125,-9.625,2.8875,960.5,2.229157214999979,8.485914979556711e-05,0.001990686080655467,0.8672389421825896,194.36923156204963,1.1957879311860267e-05,-1.5441817324340145e-05,1.3630514300957926e-05,7.6588823668989745,4.2942061993125815,12.775873824583794,13.903990689186509,3.350553005397938,11.58718588408951,11.39651322183547,2.926532835956755,4.15397495199724,4.328970969810536,2.5441715246994616,8.25836899666401,10.037598827579476,7.627803449009161,11.863332553565174,7.070250061525362,19.587002556629503,7.868871997939625,283.5706526630973
31,-5.425,51.325,4.875,2.8375,960.5,2.229157214999979,5.0040914461645074e-05,0.001845215623308211,0.8727824395152309,208.40860241927572,1.196258602083951e-05,-1.547820178406287e-05,1.3614267252222628e-05,5.155675351727006,3.9093601492205625,12.691384937859725,13.588693047256838,3.7993634651234705,5.684220736067042,6.568878820710259,2.657229184955454,3.129486191663964,3.981128421753721,3.406152475066439,2.474986315079619,2.4544681016325547,7.44548060092395,10.889607855987869,7.832314463462742,5.383615991543045,8.440420428185396,277.6718363155082
32,-5.375,51.775,9.625,4.4875,960.5,2.229157214999979,1.6768947859326553e-05,0.0008273878872639867,0.8731122229095732,104.76145837486067,1.2114800503685741e-05,-1.70522768033424e-05,1.495868193521914e-05,2.8428473972503,2.0814077339256962,10.785041632638768,11.875698138934364,2.1321853825974477,2.6636534733773023,2.5233239442479882,1.8754843193370485,1.708478194354665,1.8203315765017782,1.7647257017357836,1.7263520470911873,2.0175351499842096,3.9826446688854116,3.835499083283208,3.8032891743267947,4.302258099304846,3.1556436145998528,590.6375869063548
33,-5.325,49.375,-4.375,4.0375,960.5,2.229157214999979,2.3247687423321665e-05,0.0011141619304620794,0.8692425367455991,113.87304858613784,1.1868151092627536e-05,-1.674804080314133e-05,1.4684073620448087e-05,3.7971948736682046,3.5402212261318833,10.945801761372179,11.53694675064357,3.0165261008538544,3.9913113467851695,4.366228685467569,1.9605798031869879,2.491886833011914,3.2572255782991912,2.407610598953035,3.1444433951083584,3.01194680957764,3.925289163229622,6.435398831839465,4.79937788917782,4.550408696541523,4.3015088259976695,509.5173063659125
34,-5.275,51.925,-6.375,3.4125,960.5,2.229157214999979,4.465872668016372e-05,0.0016260264890936918,0.8661646398818733,179.35720890662546,1.1929191077390252e-05,-1.6163877574505846e-05,1.4206386832154524e-05,5.516193964031492,3.750384967281444,11.678002370199554,12.790974019516367,2.836647780497871,6.354604763329961,6.564304614609876,2.49170497851461,3.737060563166492,4.164544923276482,2.6040000413756057,4.23223137889724,4.648300337825093,5.310341495937932,10.20402702884608,6.263294580773847,11.451968582993151,6.683735952725509,453.37836419262754
35,-5.225,49.125,8.125,2.7625,960.5,2.229157214999979,6.016268983586829e-05,0.0018664132261120084,0.9147858625895071,184.67372668768783,1.1764856595214705e-05,1.5293130534392405e-05,-1.34721102831426e-05,5.890716326560502,3.4524532774862555,10.874804631426406,12.038149349889201,3.7758633150900858,6.890641813040281,6.104217890008018,2.921016030054547,2.5695594918077314,2.433140371905254,4.2005705532781334,3.9989119076738007,3.1737483651685827,9.624038701004757,8.122907618248869,9.497045597721092,10.048689758676932,11.307743673079875,175.1899480642636
36,-5.175,49.675,-8.375,4.3875,960.5,2.229157214999979,2.0047859949379165e-05,0.0010179208468804129,0.8744038725298349,73.43286691636794,1.1929682418848271e-05,-1.6992759868428985e-05,1.4904012231764714e-05,3.7042730744256485,3.169562534121634,10.622983527790888,11.35393234594054,2.737867686388428,3.846946713645388,4.314090509486174,2.2292356911104627,2.684448877862237,3.2529771676963595,2.7171896995403033,3.2615942938056217,3.538887688851992,3.3411945997655494,5.43543282619224,4.398701459516993,4.787841442459925,3.825433175789306,543.981680825141
37,-5.125,52.425,9.125,4.4125,960.5,2.229157214999979,1.813769551573337e-05,0.0008508179289810981,0.8618439288664885,106.11772702093067,1.2130636614238683e-05,-1.699357375729762e-05,1.4895440221287274e-05,2.959904040272547,2.0694973023939203,11.95191340447308,12.974203660521095,2.1564765969004944,2.631275487138125,2.588089598775964,1.5768501076679298,1.7073486073269553,1.99197681004186,1.794233137801835,1.9364069569331712,1.6891269867738756,4.2843155329143805,4.354067144271949,4.338740436512402,4.4229684314017685,3.4117249921048995,604.889460362033
38,-5.075,49.275,1.375,3.5875,960.5,2.229157214999979,2.902742304818408e-05,0.0012933014149845783,0.8692314508548027,136.63509037402056,1.175994198283867e-05,-1.6437132395234823e-05,1.4412483929724423e-05,4.091684108094511,3.28410861031349,11.000300616030906,11.610355778663086,3.4575360336541996,4.6186814719393,4.863699494182404,2.04971054196957,2.677644183999087,3.511391660760767,2.9340277182320427,2.645784387998987,2.492903152030362,4.954717258924916,7.299520608648456,5.625529362892814,4.464110411745134,4.848686495586183,451.4544866658719
39,-5.025,49.175,0.375,3.0625,960.5,2.229157214999979,4.294705255839253e-05,0.001677235855458937,0.8962598060779299,184.45946566968124,1.1747973823539267e-05,-1.5761943191449524e-05,1.3867437028539798e-05,4.94553240602393,4.096130920419419,11.323643745564501,11.70319408088245,3.429427552759374,5.681169803665853,5.950894405095342,2.42474864528832,3.3050293913336994,4.18454752151967,3.3907122387022004,2.9273091236688926,2.6899729961556624,6.451770158603842,9.571700777201166,7.212816264620871,5.917158579525191,6.971491470892122,322.0666964173302
40,-4.975,52.175,7.375,4.0875,960.5,2.229157214999979,2.0666945542738963e-05,0.0009792765127815109,0.8668924065062004,114.20112431490769,1.2036780975281452e-05,-1.675137628016624e-05,1.4681881927577077e-05,3.2155752078131807,2.430744856456705,12.097657772637676,13.048189731331655,2.5225254725054187,3.3699582795718683,3.128000161384008,1.7389987001057625,1.666318260214179,2.0062078043435276,1.983665448855845,1.7311128101300897,1.847496596735396,4.919128793474257,4.389287584174782,4.288762673985626,4.703790932448049,4.443065088082905,581.1394361076829
41,-4.925,49.975,-7.375,3.6875,960.5,2.229157214999979,3.1875048728513014e-05,0.0013382925303741533,0.8980456246686287,140.3161245286752,1.1828324508607195e-05,-1.649998205282032e-05,1.4472561411473738e-05,4.607152624150934,3.6415752345870502,10.8314759399824,11.990810415717984,3.0836213907248453,4.853986145955167,5.1779738805735525,2.30558323158039,3.0505744230580802,4.030243412605421,2.5598274628036837,3.6870776087489197,4.166728272131011,4.716726601807625,7.942011958538766,5.440230333808546,7.82358433499528,5.329572089287688,479.2472025075366
42,-4.875,50.175,-3.625,3.5625,960.5,2.229157214999979,3.166238135220338e-05,0.0014062589875419754,0.8662697464284554,155.81846061113023,1.1826536669440695e-05,-1.6407363403484182e-05,1.436061199142334e-05,4.419575683232262,3.805349009008536,11.797574776890219,12.298767734771577,3.1848399316872937,4.590222836883162,4.901063950316983,2.17285731920668,2.738802096660174,3.960702407690051,2.688508234557309,3.37500308537045,3.477489511941238,5.147200281183375,8.042180888595826,5.614550591425678,5.730264932860564,5.573987147105228,479.68519751590543
43,-4.825,52.325,-6.875,4.2875,960.5,2.229157214999979,2.3026982798166843e-05,0.0011044222835851004,0.8623685483460364,87.32006866105908,1.2066115080270028e-05,-1.687755171375484e-05,1.482533316285521e-05,3.8936935245819035,3.093984001081467,12.400937186996314,12.69275172101115,3.0007083495854303,4.644886783909134,4.562982170403313,2.038918161483454,2.5226808667340075,3.0781636908967225,2.3704717156146855,3.4050567102661335,3.456154789419615,3.63027359821147,6.054729725550497,4.406425405054732,5.29900419731977,3.3753518744905127,597.6409023273903
44,-4.775,50.625,-9.125,3.7375,960.5,2.229157214999979,3.129881323328729e-05,0.001309593392786771,0.8619051079902863,123.42458522886506,1.191143639821489e-05,-1.654746487722163e-05,1.4484142094618519e-05,4.6334395583435715,3.4879398343779635,11.924210194461333,12.95522805392753,3.237092782006582,4.926997288501032,5.34903474700509,2.265036765079711,2.7453705917053957,4.1046998737534235,2.474887636488932,3.990515115469488,4.709648555558067,4.724872642723822,7.9695087247051974,5.1418171629495415,8.06287380154667,5.18116151037375,511.48391859887494
45,-4.725,52.225,1.125,2.9125,960.5,2.229157214999979,5.2539079941031144e-05,0.0018992097906871507,0.8687819579153966,268.50892141074496,1.1937189967409692e-05,-1.559746707608277e-05,1.3689049771783338e-05,5.411640341191405,3.6328569964001574,12.731872975950571,13.537971256301194,3.133962265593349,6.290194907051472,6.123729042204022,2.2680508200479594,4.512526211468375,4.074658328339909,2.8752130506816402,2.603339323177343,2.9528056157544085,7.242979327328754,12.115865981713055,7.404264569297619,7.718515572262808,9.543516137846437,295.1441914039768
46,-4.675,51.525,-4.625,4.0625,960.5,2.229157214999979,2.37066055081079e-05,0.0011451907306770277,0.8619452234482046,119.6072842534837,1.1977336079620494e-05,-1.6743007694504947e-05,1.4671376146269865e-05,3.8447813483469533,3.029242387380329,12.288051302537264,12.744476290074864,2.820075317543485,3.9487676372812515,4.266310478272687,1.9166721005187644,2.532544301913318,3.5739425265802875,2.276543064526352,2.49084901221008,2.7408735360490377,4.2152903138238065,6.855761105178487,5.124277028745112,5.414067359533823,4.567291825833944,561.583992507907
47,-4.625,51.075,8.375,2.9875,960.5,2.229157214999979,5.17806020326911e-05,0.0017484665506865857,0.8651234967842466,191.6683524980804,1.1899036197128705e-05,-1.570769035273506e-05,1.3819399806478652e-05,5.534473790668568,3.7823365247765897,12.612291042841703,13.430572209349785,4.038187683721487,6.258058212219291,5.967738871946466,2.252542549215547,2.431484821376242,2.933518093571203,3.9173275418114666,4.521481530529474,3.0874721172770836,7.259782368504785,7.273152474331123,8.465516323466545,10.145157509527856,9.332064468644258,338.50029932921433
48,-4.575,50.275,0.875,2.9625,960.5,2.229157214999979,5.181375532424251e-05,0.0018665551261753878,0.8956357541408212,222.09064625031314,1.1817731992614157e-05,-1.569605966675977e-05,1.378370910819287e-05,5.588830898797233,3.964404326252327,12.113652157966214,13.060718371081318,4.044943801792974,6.184779446868946,6.457601528454417,2.2050567088450106,4.999098285210921,5.342883384576674,3.3741510177533964,2.6964544330301305,2.5820298656064025,7.24336881714216,12.694455788561742,8.075717192621012,6.450441306368856,8.969831407066431,296.728976055099
49,-4.525,52.375,2.125,3.2625,960.5,2.229157214999979,3.9350886032333394e-05,0.0016021982923981677,0.9133748243557879,203.60126620071853,1.1925626103276726e-05,-1.606923346203161e-05,1.4075998339726694e-05,4.652133084596994,3.3880482450532057,12.519633182901108,13.164225415021043,2.9534869500650265,5.16359070233968,5.154826340517531,2.005885967804831,3.3218346338228852,3.408571670498044,2.932740784815705,2.631299777331543,2.362746510741791,6.588846526832367,9.954508328490542,6.734554269766633,5.447068158789112,7.007241180236267,430.4728246034302
50,-4.475,50.375,-5.625,3.7125,960.5,2.229157214999979,2.9904197776501262e-05,0.00129339444360458,0.8639959983579415,147.6188070102714,1.186797675486271e-05,-1.6525423748997082e-05,1.4483750626074588e-05,4.28634534609044,3.4744377852656196,11.723693602139784,12.624155427876037,3.0809520453512134,4.48929995610978,5.100377903684353,2.042600587409229,2.5382661823383064,4.090948853693641,2.55279361335966,3.0186781636776048,3.603373732518629,4.392461474188189,7.508489643208285,5.279164507875114,6.877557535972946,5.668673236442151,513.9289721508709
51,-4.425,51.225,6.875,3.2375,960.5,2.229157214999979,4.314793382127476e-05,0.0015420321786649876,0.8709613749690259,188.75820663559153,1.1899497093406596e-05,-1.604480595983628e-05,1.4108419970242538e-05,4.962955671412266,2.9826916845999585,11.731265474146788,12.989635959226211,3.3325815621131696,4.8745928349076655,4.606161397798527,2.728496737030496,2.286956475801446,2.141082698762081,3.625666383216256,3.2418655141948305,2.8394150009764294,8.240348222700314,7.13306373105448,8.280457824111263,8.182492700602035,8.712724947286517,445.3972944144582
52,-4.375,49.625,-1.375,2.9375,960.5,2.229157214999979,4.9906367121852205e-05,0.0018520750245373337,0.9163935406091885,229.7178557665465,1.1741891948426098e-05,-1.5614661792504003e-05,1.3715674256031157e-05,5.397087703662251,4.03240751814619,11.55705554437327,12.543137321962098,3.4670423167874427,5.8446865710183165,6.321592654717439,2.5086190345330546,3.4869087056516426,4.739598878621084,3.555754135931706,3.084752845876544,2.680916518963703,6.889046712197318,12.118935323216395,7.874955073057131,6.578905726032709,8.833138313842955,262.8873319333298
53,-4.325,52.525,-8.125,2.7375,960.5,2.229157214999979,7.546920561636739e-05,0.0021816253374123957,0.8706097758059955,249.86268426195667,1.198169255682112e-05,-1.524635878515478e-05,1.340568673255063e-05,6.919117915574685,3.51905653440524,13.94872485690329,14.33850986753403,3.5640538065453833,8.752801415844633,8.27436506507544,2.747488417866555,3.704490087686216,5.292343232405906,3.188969204171753,5.953311611591869,7.185781012938518,6.917120750871296,11.532786360710821,7.460421701134546,18.050438262911857,7.423123264585639,205.3525103594808
54,-4.275,49.925,3.875,4.2125,960.5,2.229157214999979,1.925678137317933e-05,0.0009154566824849845,0.8637485366809343,118.92364817800741,1.1855540881301215e-05,-1.6887401510962827e-05,1.4806849992159708e-05,3.085029565474094,2.4854386915532842,9.856207313989094,11.03264848996755,2.63485779109549,3.2952764151962297,3.28276784564733,1.5576161674983533,1.9310098588616864,1.992582160040424,2.218243638373322,1.9341890102170276,1.6557541368650248,3.9676476832299046,4.5115981562694065,4.702657484671158,3.9648501284557467,3.609746851644626,522.9933380911291
55,-4.225,52.925,-0.125,4.1125,960.5,2.229157214999979,2.194338535459254e-05,0.001092109302732963,0.9109114457023753,123.84882652878498,1.2081541556965022e-05,-1.6830663488090044e-05,1.471399772830421e-05,3.538969168235229,2.823130066936305,13.264332547906333,14.166874247150465,2.655111754192462,3.7117540480989333,3.645587699158826,1.5240328166244927,2.0737258809252777,3.0082557933994654,2.3612713905028913,2.3076043680029033,2.5131270687141556,4.240129021267404,6.484400844650583,4.819512210523919,4.087854999045167,3.9774497912175826,616.9838318474651
56,-4.175,50.475,7.625,3.1875,960.5,2.229157214999979,6.87838917464028e-05,0.0019397546376050947,0.8709556127599736,188.9472911514984,1.1811300152067833e-05,-1.5319748619615202e-05,1.2863108136411066e-05,6.973261855942374,4.535357946309299,12.306700834360562,12.751757184468374,4.014233910457713,9.270924101064743,10.698415340465077,3.272162607862803,3.1315160527890162,5.42067702401306,3.550913336564912,7.713141588145322,11.603057740713806,6.065754979344209,10.954088837083633,6.768950857572043,13.804877203280435,7.186778691855082,-437.7377058721642
57,-4.125,50.075,7.125,3.5375,960.5,2.229157214999979,3.466316895340454e-05,0.0012781113409896666,0.8927585859559524,143.25353897339326,1.1768834747240577e-05,-1.6351128935927276e-05,1.4364013964810392e-05,4.344564566238356,2.597557968562141,10.441362624022041,11.22691799839558,3.003320160608202,4.407048196686651,4.364125133058697,1.833696523897333,1.9039495819508763,1.924655847102458,2.9738891148089217,2.5155959968396786,1.4848264588200204,7.180025649489276,7.415384119565419,8.027334696386415,6.339940000269531,7.866725730724772,460.0285947064691
58,-4.075,52.975,-8.875,3.0875,960.5,2.229157214999979,6.266935288994537e-05,0.0019759153557382682,0.877392424492253,167.41518164621084,1.1949294116413477e-05,-1.5778801866820767e-05,1.3889154761181875e-05,6.63293827074682,4.51164008844625,14.356121527884033,14.538949648880413,3.666295343211829,8.872482552845144,8.263608641495926,2.8463392321671646,4.123168933887737,5.0592098801303855,2.9130824239203696,5.516127523549107,6.841264418574407,6.020411754457049,11.11566215608645,6.792168305973792,15.579391973047052,6.133614777571458,418.1049314399215
59,-4.025,49.775,6.375,4.3375,960.5,2.229157214999979,2.1004972992750417e-05,0.0008881745467936304,0.8585542145983269,111.06346614119926,1.1847693944419874e-05,-1.694385279080281e-05,1.487866596468183e-05,3.383879738343469,2.445230732303138,9.489609830551506,11.210364079646183,2.670157230080271,3.473008617271265,3.2946348786850326,2.0129781931539137,1.9258260884713516,1.9341111448244892,1.9972382322803093,2.127693907245329,1.7282329418048017,5.258370705436055,5.2846090020117495,5.340970844076593,5.453608337090666,3.8697765169003295,536.7352768738882
60,-3.975,50.675,3.125,4.2375,960.5,2.229157214999979,1.8491262690557945e-05,0.0009039893350831619,0.8839313967195792,118.26467055463287,1.1938710637015674e-05,-1.6913273634558248e-05,1.4825972020793947e-05,3.01264530033452,2.9623280270207855,11.367457040086755,12.070528094725612,2.7594828018440296,3.4474221476095064,3.481801674157795,1.708269324180609,1.9017931638280243,2.015324369082443,2.120463948532123,2.293920420733185,2.0491403034606175,3.552326055928063,4.153567669110618,4.1401341478768545,3.5839849572986036,3.0011686043527095,561.2525874305868
61,-3.925,51.425,-6.125,3.8875,960.5,2.229157214999979,2.6289732486223072e-05,0.0012050348759026159,0.8631504469579977,129.05249810024696,1.1908437987666778e-05,-1.6660481082946317e-05,1.4585930572688744e-05,4.080365451079464,3.455370192446686,12.11731130468402,12.318804238677119,2.8044966303360654,4.684565913317021,4.856918514780975,1.9487932540431434,2.5697608159707825,3.6343061240174,2.3311321166092474,2.9842251953902594,3.5932533156873014,4.430614633790049,6.935521192574906,4.956472010499523,6.304359265606185,4.98842890446347,548.6613142209596
62,-3.875,50.575,9.375,3.9875,960.5,2.229157214999979,2.209932627733578e-05,0.0010380643936779995,0.8973941739670082,127.68786651249317,1.187285832857142e-05,-1.6696099111248926e-05,1.4666693846255724e-05,3.392628114961886,3.215813307905101,11.44757586951092,12.43337086965065,2.7794117525415576,3.911871272936125,3.911881104615287,1.7153079305689325,1.8215331307514973,2.126285332255235,2.5496490773027722,2.97827458156073,2.3852972073780143,3.6600274941418425,4.216755931895017,4.6208426748230105,5.220804674490383,4.104120432700554,559.6682831863258
63,-3.825,52.875,-5.875,3.7625,960.5,2.229157214999979,3.018317592004268e-05,0.0013270493178032079,0.9028330122653622,145.23712654381148,1.1991632173210577e-05,-1.653903785996041e-05,1.4491352646349524e-05,4.267047963915642,3.135459567027725,13.487986432398307,13.828700523380359,2.6647359155697705,4.468052954756513,4.487846099602972,2.107233084759158,3.0459874856795444,3.641640857913123,2.7365988727902795,2.9828297316485286,3.0081652106218777,4.467260464342064,7.55572744566155,5.3397026439015445,6.906168902876223,4.681491107607456,573.5492860721284
64,-3.775,49.025,6.125,3.9625,960.5,2.229157214999979,2.6894687798754468e-05,0.0010178521031229087,0.8651747011547013,94.49786918291423,1.1649129252222811e-05,-1.6661668312395708e-05,1.4630515598476771e-05,3.951393260556483,2.9682099226822936,9.199325774673154,10.487183572951693,3.241878115295016,4.563051552039363,4.504802461217634,2.1538806422618113,1.807911524286784,2.1504702174437305,2.314204797773875,2.500510310440789,1.6174918931949742,6.454369080096836,5.959659053627476,6.482367270431917,5.885200703364574,5.560327975025072,456.1400735718682
65,-3.725,52.775,-2.625,3.4875,960.5,2.229157214999979,3.503193113381205e-05,0.001524211859706103,0.9132986387658611,178.43526558638177,1.1949055473273517e-05,-1.6337972327272855e-05,1.4370680736817726e-05,4.519289489573776,3.552919892030638,13.674266804413014,14.040264710562134,2.966146622479675,4.972608864899818,4.857482258207152,1.9234881201091878,2.889303570521476,3.8532885931564516,2.7847779268831774,2.8275734975107407,2.830397652494468,4.972203293928185,8.744410589252466,5.870408083308891,7.167111863609809,5.789915423276121,539.2855815150899
66,-3.675,50.325,-1.875,3.6375,960.5,2.229157214999979,2.941801315927506e-05,0.0013229351127204754,0.9157861825864353,145.09478212729576,1.1793229050671593e-05,-1.6494646627940227e-05,1.4464940243057223e-05,4.137476666722687,3.7187024028762226,11.50873535572691,12.230908643243739,3.213355158207513,4.8719422165231325,4.921441641720512,2.287531396860163,2.8111312299510796,3.600294994043642,2.949285530910252,2.850416204888909,2.537314205192503,4.973018308800362,7.370003396372286,5.919388534593948,4.531565159036943,4.976380916774051,492.64653549779763
67,-3.625,49.575,-3.875,4.5625,960.5,2.229157214999979,1.6270893040054658e-05,0.0008761590506091946,0.907371732265675,72.99690682069588,1.1862130011296782e-05,-1.7130642470129394e-05,1.5025727981337395e-05,3.0460316275923134,3.7308452696737917,10.220201677757528,10.83680447290278,2.853262118750676,3.9595834934720733,3.664235867626354,1.837686515654672,2.5017657449777913,2.6165840699944716,2.5352296776454866,2.9691637786714105,2.26856250349652,3.032682878263069,4.094643969009747,3.6028365810875207,3.0037554913498288,2.2832553977367183,534.5735926638064
68,-3.575,50.425,-9.375,3.3375,960.5,2.229157214999979,4.1689877832939165e-05,0.001624996013029852,0.9358296215790816,190.3577617223468,1.178899106080404e-05,-1.620872294088637e-05,1.4235788013812833e-05,5.196529765255479,4.157958341280831,11.89514944377454,12.134279495582714,3.608496139245669,5.850566040865797,6.15697748833688,2.4284397661631774,3.666245070536115,4.469037593163486,2.9957160242517915,3.936885680079167,4.4845259147548635,5.531896495876022,9.564447364930588,5.740585214950069,9.53109538283536,6.118285763809357,428.6475786030177
69,-3.525,51.275,5.375,4.0125,960.5,2.229157214999979,2.402249927584381e-05,0.0009926149480744904,0.8736381340364757,135.34180541861517,1.1935883617027898e-05,-1.673255197059223e-05,1.4685358056072021e-05,3.4925711178459213,2.4314190382194787,11.364429845939638,12.077813532529904,2.397503043045825,3.139673394665468,3.013980066174859,1.7739223561300683,1.7040052570184867,1.8104841153622984,2.1106019881210334,1.834175320484274,1.8154170068791413,5.851060090955112,6.060273143650592,5.922881892778621,5.6356149250127485,5.155992335520127,575.3477330769505
70,-3.475,51.125,-2.375,3.7875,960.5,2.229157214999979,2.6275466697414053e-05,0.001243741784239475,0.9462703130242429,135.96851567511422,1.1885022132451263e-05,-1.661522831978413e-05,1.4592655770635583e-05,3.9413774243996818,3.955020715192779,12.672918974526343,12.781700029545595,3.143171010995243,4.726705010623665,4.472700337340151,2.136192846825288,2.9717633460084936,3.461649816304344,2.5074158098732533,2.804568205596287,2.9176141977668637,4.345522253828059,6.981765696441838,5.441829056648428,4.674149864679951,4.014544870233561,540.846725089184
71,-3.425,51.725,0.125,3.8375,960.5,2.229157214999979,2.4790285844006913e-05,0.001171077928319938,0.8682626183614939,149.28808785532928,1.1879859859357345e-05,-1.6582174233143976e-05,1.45135860719011e-05,3.639855171579117,3.6581599822087174,12.19406358442271,12.887733488417005,2.607202552754437,4.112890137564086,3.8774118174445835,1.7461695220712534,2.3277581800619602,2.94323930685665,2.5597179629872926,2.416403306413615,2.1784848916910566,4.705172219209639,6.4927466453763385,5.114279560546413,4.212175691414101,4.161160561121901,562.1680422405947
72,-3.375,49.825,5.625,3.3875,960.5,2.229157214999979,3.7777052389272493e-05,0.001355954459113611,0.8849012362236656,142.40817423358155,1.1674827223113185e-05,-1.619264292930377e-05,1.4235465701866845e-05,4.723376948079696,3.409650495291515,10.165673975687351,11.156807267372205,3.7390023150373195,5.924270820084359,5.5841470293229625,1.9876454258420762,2.2155823768293392,2.753947071738861,2.984169499084337,3.503920489788639,2.203962667336131,6.742436932272956,6.982841806671234,7.822869978684142,7.941190824037383,7.53236711673433,419.2846130945197
73,-3.325,51.175,8.875,3.0375,960.5,2.229157214999979,4.5016999725649816e-05,0.0016897610605749274,0.8737733832468881,201.70765813578845,1.1847189729628128e-05,-1.5729878435804916e-05,1.388062100818875e-05,4.995603211132283,3.8481915815323555,12.043786453040646,13.241051196259365,3.504909114353133,5.627077827764241,5.556860835036706,2.5261396128844025,2.6847916051147602,2.7598645059509392,3.3948955546223245,4.087579215396939,2.315288631000827,6.603625750109265,7.119719831862483,8.14810327251908,7.9870072003254595,8.521406139572411,351.138237836816
74,-3.275,52.275,-9.875,3.5125,960.5,2.229157214999979,3.8837599993112486e-05,0.0015149450009334141,0.9066905496572472,139.47366472444102,1.188418371847134e-05,-1.6325342580511146e-05,1.4312425744691683e-05,5.084615445258626,4.071743425798825,13.12033693000864,13.513713598159104,3.352611677793155,5.697110278207583,5.713968975344121,2.380981652763763,3.076856607287793,4.598889311732635,2.47127073790901,3.6665218738339944,4.545875633290771,5.053918723115847,8.527948269221207,5.862397328155089,10.29934604068541,5.367076018377995,501.7149630870069
75,-3.225,50.125,9.875,2.8625,960.5,2.229157214999979,4.84125415039457e-05,0.0017577445908376096,0.8790053772918752,224.89256058566116,1.1716942653459867e-05,-1.5477136433357787e-05,1.3641814357166662e-05,5.195411336491869,3.562948378447606,11.552715372366695,12.357798145278805,3.761033484683374,7.083490795208318,6.904118790517455,2.1489705499909717,3.6761503954398638,2.770755754576699,3.265789270280625,4.932663427617539,3.2892123159507745,6.2367996568478645,6.551363691659916,7.637463851314473,9.228999138243275,8.72389440287485,230.87150251849062
76,-3.175,49.425,2.375,4.1375,960.5,2.229157214999979,2.0935017633114385e-05,0.0009356620594910877,0.8630545765465273,100.30086690814991,1.1718294763592017e-05,-1.6860498182565477e-05,1.47818810299855e-05,3.269480976199748,3.6948008293827144,9.895946510753147,11.018498190143534,3.0326327710124104,4.323471459726094,3.800403167108089,1.6061563817263145,1.8686549246275193,2.00239705587145,1.6990916339896143,1.7705265917578217,1.7386923842765034,4.731379629666549,5.541536999812408,4.3428334625595335,4.205251165438683,3.876026655249339,497.8366411054446
77,-3.125,49.725,-0.625,4.5125,960.5,2.229157214999979,1.6144242958505348e-05,0.0008314134132844194,0.8648857867758688,77.33410742988234,1.1818110351138903e-05,-1.7108265698880777e-05,1.4992710423199612e-05,2.916381372246477,4.50553436672901,10.280981029104954,11.101299915617005,3.578476407601564,4.085114718855535,3.4827805049947793,1.750114941294916,2.1801824888694825,2.6335861405891916,2.252039532072271,2.3389413367989897,1.8820219156627485,3.08178162650934,3.6008187189701064,3.300435882153742,2.7123456908710164,1.9871280492764323,534.5103676089007
78,-3.075,49.475,-1.125,3.2125,960.5,2.229157214999979,3.9120532886769757e-05,0.0015192793382542411,0.8602988054835019,172.66303498024647,1.164800725460356e-05,-1.599802825429525e-05,1.4029503665006787e-05,4.677654715079132,4.512567454693273,10.601221973201346,11.38602632694386,3.8215226701427616,6.140544586595175,6.139305031683979,1.8039628527794034,2.620709297377365,3.5427266278971956,3.490936265007401,2.7564074461913806,2.179896566451879,6.193556522243212,8.85346061493374,7.569939006520205,4.876227195586549,7.683623344812753,341.59506519634425
79,-3.025,50.825,5.875,3.3625,960.5,2.229157214999979,3.7336118206977914e-05,0.0013781808602682346,0.8636038053223629,158.37465820884032,1.1779780188680777e-05,-1.618831683900742e-05,1.422937852158368e-05,4.52484981963069,3.5003790454095753,11.243656062442751,12.278698548792502,3.404007598554672,5.062037054324326,4.844300443515768,2.0939220355398263,1.93844142498962,2.34596328572133,2.9733444477412196,3.838900671682191,1.6593134910166079,6.911985883658792,7.56069934593655,7.782244265882244,6.503144403754632,7.586744018445574,447.3895723797287
