Fold,Model,Timing,r2_score_WSS,MAE_WSS,RMSE_WSS,MAPE_WSS,MAXE_WSS,r2_score_Eloss,MAE_Eloss,RMSE_Eloss,MAPE_Eloss,MAXE_Eloss,r2_score_Ekin,MAE_Ekin,RMSE_Ekin,MAPE_Ekin,MAXE_Ekin,r2_score_TVPG,MAE_TVPG,RMSE_TVPG,MAPE_TVPG,MAXE_TVPG,r2_score_wss-1,MAE_wss-1,RMSE_wss-1,MAPE_wss-1,MAXE_wss-1,r2_score_wss-2,MAE_wss-2,RMSE_wss-2,MAPE_wss-2,MAXE_wss-2,r2_score_wss-3,MAE_wss-3,RMSE_wss-3,MAPE_wss-3,MAXE_wss-3,r2_score_wss-4,MAE_wss-4,RMSE_wss-4,MAPE_wss-4,MAXE_wss-4,r2_score_wss-5,MAE_wss-5,RMSE_wss-5,MAPE_wss-5,MAXE_wss-5,r2_score_wss-6,MAE_wss-6,RMSE_wss-6,MAPE_wss-6,MAXE_wss-6,r2_score_wss-7,MAE_wss-7,RMSE_wss-7,MAPE_wss-7,MAXE_wss-7,r2_score_wss-8,MAE_wss-8,RMSE_wss-8,MAPE_wss-8,MAXE_wss-8,r2_score_wss-9,MAE_wss-9,RMSE_wss-9,MAPE_wss-9,MAXE_wss-9,r2_score_wss-10,MAE_wss-10,RMSE_wss-10,MAPE_wss-10,MAXE_wss-10,r2_score_wss-11,MAE_wss-11,RMSE_wss-11,MAPE_wss-11,MAXE_wss-11,r2_score_wss-12,MAE_wss-12,RMSE_wss-12,MAPE_wss-12,MAXE_wss-12,r2_score_wss-13,MAE_wss-13,RMSE_wss-13,MAPE_wss-13,MAXE_wss-13,r2_score_wss-14,MAE_wss-14,RMSE_wss-14,MAPE_wss-14,MAXE_wss-14,r2_score_wss-15,MAE_wss-15,RMSE_wss-15,MAPE_wss-15,MAXE_wss-15,r2_score_wss-16,MAE_wss-16,RMSE_wss-16,MAPE_wss-16,MAXE_wss-16,r2_score_wss-17,MAE_wss-17,RMSE_wss-17,MAPE_wss-17,MAXE_wss-17
1,RF,0.1651442050933838,-0.5814727766928471,0.43143795031821475,0.505804689092643,0.10378019675611606,0.8503786090584855,0.6987010505120126,3.1103923472613154e-06,3.4098642686718976e-06,0.11106261813325438,5.018687691754482e-06,0.5990476451338498,8.319376010540387e-05,0.00010800387031736584,0.0664843147960221,0.0002427075229839335,0.8922701422417771,10.485494004296433,11.810042396985608,0.08084884364902185,18.12946820144097,-1.1355728694919613,0.24514654626139148,0.3300535047304097,0.07440811152188576,0.6936376094385914,0.5824213699473827,0.2795758514274993,0.35344415941033314,0.02382013805408177,0.6887822936200525,0.3542564739349041,0.3371732632295166,0.3819248197094609,0.027381661340582574,0.6398887763563632,0.15743038196375025,0.24094858384312984,0.275088224218858,0.07961742713783945,0.4841073910407032,0.34548653811163155,0.38954546407858665,0.45840340919721273,0.09028691491341617,0.7555712960665808,-0.07605865316713434,0.4132543268604735,0.5407126106059486,0.09383432843822331,1.1171617903551114,-0.6728647852729901,0.21343632957865555,0.2658315694896956,0.10528207220594953,0.5064232882243167,0.5871583405702638,0.19114452186031386,0.28822102109380576,0.08672878361595411,0.7514755279066798,0.6918429532150459,0.29822300504831817,0.31139522325571634,0.10265988779342644,0.48360984882948577,-0.5919695253636694,0.2782618154579982,0.36074723085145294,0.10044058563845279,0.6850019127581168,0.2827485320613692,0.42965787123210053,0.4936832408975883,0.1507051672405101,0.8522626087124423,0.3120316863451138,0.46455115767756155,0.6352745837562139,0.22665860404340066,1.5449972638024314,0.561301756279091,0.5919152338014421,0.7987227453422083,0.14210218641260547,1.9426400280973732,0.6056835960451029,0.8282997547689943,0.9523559587003892,0.13590672099754553,1.6359618525209685,0.810031639669563,0.4259657238861071,0.4710943243805921,0.07817171313460394,0.8398420765749401,-4.587978104634291,0.9688237042986344,1.3029230243703156,0.1787769544403014,3.0701230229875884,0.8610183979949723,0.41900002378081513,0.5276302986821647,0.08168997753578403,0.9629628767154648
2,RF,0.14266633987426758,0.5907127536985719,0.5608312941995757,0.7794130103912345,0.11355879804572108,1.9193701864258124,0.6408390696813591,6.690028255899011e-06,9.564749573319425e-06,0.166693577764963,2.3814271100106142e-05,0.8735672171310184,0.00011159619641146346,0.0001324723592445248,0.08155713754526403,0.00025127351118323354,0.9462170542358508,7.989763103530333,9.793544108174453,0.05076806553709715,15.627533560561488,0.485567744290336,0.38159139467059144,0.5492085393818498,0.0974857840135962,1.0759393789177683,0.7081542922200623,0.4172623101132171,0.51772067219364,0.03581311132254382,1.0021070538193122,0.8413469248446404,0.3066982583724718,0.3702578368485137,0.025271239176607705,0.6725815593052431,0.5581211421420225,0.30476250665348675,0.3629069496569804,0.0929709589693521,0.7125537590297824,0.3158054070259029,1.0642490953363746,1.5338032436261861,0.16667846959468546,3.5341122416004733,0.20072321868017517,1.2874055248946676,2.059327033870643,0.18840003948427503,5.2153211498057175,0.5748020383770513,0.18420712166469366,0.2869182928680882,0.07043712658729706,0.7326372415627316,0.3220684926056854,0.3080008319248553,0.40393918244618404,0.10922444728277567,0.8103173584355914,-0.0021753478473915955,0.6067462875234213,1.0329580443420738,0.16047856328760374,2.7826779433225433,0.8741083604866863,0.1891141574002051,0.20823436015427238,0.07297195783481807,0.32054456150418753,0.2422179478945531,0.7207930255229162,1.4833150304098541,0.15430303391502906,4.101249103653419,-0.07277608635573185,1.5031118104670627,3.116143882136111,0.2527116062838405,8.700724557166534,0.5867245157665564,0.5063073257204167,0.7508812285388664,0.0884791775809259,1.598799675486041,0.5730565707701503,1.1497798299545485,1.549334228200493,0.17170393051213612,3.1622116717623374,0.6870888662089729,0.7429466273418699,0.8770791392090254,0.14327526821478243,1.4036439234103657,0.3623884687497765,1.6077993304402325,2.4529383783085397,0.22096076383890195,6.1611487610101765,0.8532614875262399,0.6706231480384857,0.785411383434188,0.15138558787790823,1.515018727153839
3,RF,0.143143892288208,0.7525347517071319,0.3275618285574248,0.4224950459732617,0.07484714670469467,0.9807895222646721,0.9009753401025251,3.222115031211347e-06,4.18969218331904e-06,0.09622629004769571,9.134937859451945e-06,0.923780925169061,8.83871640858493e-05,0.00010003127548404103,0.06537571382512306,0.00014921760559395312,0.9596174632401799,9.467080696448479,11.23253033481399,0.05881856261583059,18.76476999489634,0.8187023632029626,0.2044340606831963,0.28143886013998837,0.05905737797245558,0.6226701371827623,0.5954971587153648,0.48434917335720473,0.5670084720946627,0.043129673749702675,0.9663375462586199,0.8198628813391554,0.3464660614588768,0.3661222270697104,0.02803581294409955,0.5542410307448975,0.389043246668933,0.3099279115128244,0.3498255424130272,0.08962216250056709,0.5368615109759833,0.5789915453658907,0.5410524721867873,0.9231175296852921,0.08592886032332114,2.4557919065431086,0.7017268160288953,0.544934098205623,0.7787053026951124,0.08847693087373774,1.84773213406066,0.3212416787677542,0.26370479389222634,0.31579287590156957,0.12633460838082958,0.6240592537279608,0.5416152296763901,0.2955648564591402,0.3869720666299941,0.10965878480397193,0.8066329486748001,0.8825288328032442,0.25923157927875445,0.3080661381941521,0.0730796885971827,0.5735359784791445,0.7090732859861997,0.24281073502628908,0.28838154897161017,0.08305669619732928,0.5474512781491421,0.6950532425047617,0.3394214183410084,0.4799029776460232,0.11749124491045689,0.8486248088922239,-1.0175614368728603,0.8220118944901121,1.2772759893222925,0.34029430546062966,3.34547511795475,0.8139465478020405,0.4972862807300322,0.6345623979520162,0.09051566209255782,1.0811680585032546,0.7313478163162679,1.1832412980302975,1.3031846026969809,0.16705634008396708,2.1061048161728166,0.9695349905204481,0.20053548729858806,0.2511242159975307,0.030898017729761515,0.4194322902710237,0.2281265364271784,1.1830112183802233,1.6557906516225325,0.2108892075834628,3.824082275799335,0.917251635840836,0.49391380499545795,0.7214385925374928,0.06783829275489138,1.786625339127557
4,RF,0.14286422729492188,0.844422227261492,0.40721087155985664,0.5785372912617811,0.08289200791672358,1.3990581827328494,0.9137183990918176,3.447692262546929e-06,6.20492335317311e-06,0.07781033207588366,1.6941183945603472e-05,0.9814654881555095,4.74012026034483e-05,5.4262975694642596e-05,0.03661905152734314,8.996352097893033e-05,0.7640910977403353,14.259865984273503,20.6620323892244,0.09381044237738936,52.92439529651617,0.8121432027494192,0.2992969453320588,0.34607119777614403,0.0987428611447558,0.5424880483159522,0.5415080640184811,0.3478100867285785,0.426736146166186,0.028629363106132566,0.7593000688629665,0.42491753518116915,0.3222034290798863,0.5066700627664761,0.02509771501978432,1.3228143042508922,0.7068913522078525,0.24798620759341655,0.29777279770651394,0.08892520393177977,0.565045635639398,0.9142527983571467,0.563516346160388,0.7704445596226237,0.11690601706942133,1.6877445300067428,0.8971217852576305,0.4827700973343185,0.8432987940689218,0.08901502331319924,2.223202615039117,0.6724296183936167,0.18860425857496668,0.23363208075019815,0.08571090419076377,0.48412591316586306,0.7272057964016447,0.46179350253140455,0.5771331856735398,0.1697875351445846,1.2442164674656357,0.8072333055894696,0.4092743625891716,0.510736678776335,0.12482372494303992,1.0693806976310816,0.7154156813255281,0.22761315257536718,0.260505637910147,0.09467274557574812,0.4583635690268042,0.6590869279159194,0.8076046934367784,1.1739879182010828,0.29196343217074017,2.570825789069265,0.6123542424317017,1.151200949505795,1.636875858337236,0.46650073895481203,3.246148844428718,0.8107022384501323,0.45967831209221444,0.5607108017146297,0.08183864858121973,1.0205464056973037,0.8933780016225665,0.8438947656147652,0.9661381108343624,0.12645985451164915,1.3923518647611886,0.8885951703063686,0.31133051611621065,0.43076528240649953,0.06594192427513293,0.9453623056089722,0.8678222865210994,1.3286816836187119,1.817919925973089,0.18881749599746098,3.8484147917462685,0.960569847590904,0.267506425892179,0.37432614123516256,0.05599118789658705,0.7027793766283468
5,RF,0.14316844940185547,0.8000303233200501,0.5295123569496145,0.6840955774460159,0.08648684684000794,1.1984607783485863,0.7859014930096843,8.277671011514238e-06,1.213072329562819e-05,0.1353312202165034,2.333300800742529e-05,0.885732502418369,0.00013670447552138187,0.00017157891239798345,0.07521162645547054,0.0003496651564390027,0.8791788815770918,21.61673000818346,24.20547905481143,0.13921204973532966,41.32082817118433,0.7907802530647332,0.28083567541644666,0.29659970622503656,0.08009152250521856,0.4910795379664594,0.7254563403398688,0.6071327988111461,0.7841617421535217,0.05031460794029331,1.58453329537946,0.7902909041689316,0.5885654992522475,0.6429299343463777,0.046383746179348546,0.8916140430910406,0.20074013897963128,0.39280987855175253,0.4925416679357131,0.10810251183153947,0.981211009876997,0.31703249511348586,1.5548657195630495,2.104088471484369,0.19758869625553846,4.406065862196144,0.5867477930939076,1.2029560353448971,1.5457810049487244,0.15774369942333605,2.7599708601112276,0.18260791101743712,0.3033374263217411,0.3443709643209688,0.12327966762001144,0.5645555043887178,0.551080691150498,0.45347745023949326,0.5101374609078732,0.1386344717217815,0.7898154383080143,0.7241907098537714,0.5019471993269661,0.7773470461839818,0.1016009224598199,1.8097736295774975,0.45141828657983263,0.2989901904081608,0.40180596370278854,0.09504885537690447,0.9539503328437924,-0.2971427681248211,1.0448524258302183,1.581429686716771,0.20417811386126494,3.3228282200865817,0.22343113015597482,1.0950330776392856,1.5140563830537686,0.23393428642931524,2.9471350387391264,0.7338924976393255,0.5701681952467955,0.7171014022245813,0.09069273893323924,1.2502995098105094,0.8096592732600564,1.0432738611819885,1.2645579704235308,0.09928497207891163,2.108319120645385,0.5142187597665625,0.6351505615791136,0.787752569572413,0.0966642799332239,1.4534086446052097,0.25598689756873305,3.4614898572699695,5.243130993086233,0.2678122663844623,10.90609838103213,0.9078256048863964,0.5924991443077259,0.7006996495519187,0.08940699945153482,1.3287645952274865
6,RF,0.133378267288208,0.9548122703877229,0.19295209077677455,0.281073831643853,0.03948003252264164,0.6719556965094462,0.9546466900853907,3.216408845464415e-06,4.1139938561342866e-06,0.07655959474040816,8.226824513884128e-06,0.9422611131618328,8.658235502897785e-05,0.00011293448470966401,0.05264743937585655,0.00026035594296924076,0.7845782912486452,26.202427995873876,30.974391228311642,0.1592019149868359,57.369182321648964,0.3476022941683662,0.34591999984590105,0.4736795393595747,0.11381747955854944,1.0419152389592514,0.7727916460037858,0.4418713163632175,0.5703230891038172,0.03580678613106448,1.1386786532087392,0.8119893719562514,0.37599473006622475,0.48725928261993984,0.028786502165752324,1.0543289432047462,0.6515793908134693,0.30082519000372615,0.34121909146722457,0.09224961951430435,0.6335829366608619,0.531649941337841,0.7993769553220654,1.2522026453245279,0.13976272636616832,3.2730783180266485,0.7672437967903735,0.7995866388273201,0.8856601079003505,0.15473694978284747,1.6347242084501072,0.919685755853695,0.07496573108204038,0.10832508082379116,0.0352316760344009,0.21191904521464933,0.8440189487405643,0.29394351136768604,0.3719603397965885,0.09871332836825679,0.6517143612309373,0.8790779248814584,0.3661168389315419,0.4440240720018512,0.12459010267959565,0.7063588906245704,0.41076455391235267,0.28883921768454146,0.3450560859001836,0.12949091298513737,0.6988198809064237,0.8282816392817411,0.5267755009267103,0.5906539485740977,0.1743456774352763,0.8969976395338364,0.7932468958939354,0.636825606672596,0.8393832522802619,0.1495854434613798,1.6418200985057547,0.4994955376863628,0.5689110011275513,0.6957566301984863,0.10010409660807475,1.291286493134514,0.9248696221487086,0.5647987400141499,0.7649498789932065,0.0651099037105135,1.7453883065709181,0.8076879567626211,0.43756615739116966,0.5326085298007133,0.07700980925594128,0.8960462049636533,0.8617058180441326,1.3360050438796027,1.7645078530757512,0.14107284579219587,3.883226660150262,0.7382136525561902,0.6472234704322992,0.9789348467159944,0.13092651210743195,2.4254101591413164
7,RF,0.1430516242980957,0.486675777982876,0.5023218727445687,0.5487172961804311,0.09748567649568911,0.7856752047791824,0.10064998455803653,5.967676239470885e-06,1.0407905145726438e-05,0.12748049411941786,2.8088309206630426e-05,0.9295634516920608,6.229974279700664e-05,7.056770413293617e-05,0.040400941463481506,0.0001287507951290446,0.5617975063809522,20.364175288852365,24.383534148665706,0.11741525833195134,42.67687830629475,-0.13029754864802956,0.3857120207069668,0.46964196779443806,0.1055832166772804,0.86972542782296,0.8796091161278979,0.27516493850544044,0.39030580746599924,0.022069621379521082,0.9625994520380399,0.7683665633850053,0.3354466904796358,0.45039558024170023,0.025963007436461624,0.9794107939608061,-0.2968243426602033,0.2995704952039519,0.3493982388823097,0.0886212325143085,0.5196288638898707,-0.8992322942503936,1.4417326441482186,1.8851856553958908,0.24747922463708788,4.357498637059966,-1.25097228091205,1.2423424564668917,1.7232674292847074,0.22044078640423787,3.1504510315195526,0.36011787791738525,0.22805577091075713,0.25409196974130555,0.09541574218124878,0.37729054037465426,0.7736225838644462,0.2768446390480199,0.33474164082537605,0.09984090491614686,0.7477171306602779,0.5812379317781444,0.4302677111091376,0.611969656448834,0.14078333895086406,1.4202246862541412,0.8613830574039566,0.11443605345123092,0.1552769397185572,0.04075424186733104,0.358810653583844,-1.6209998121826832,0.9205642089596682,1.2772026402832024,0.25506824227399416,2.394554084578618,0.025703566311981563,0.7986504793870983,1.3286350091298926,0.22707690955430845,3.2383296549986182,0.68925232810949,0.49280933853127806,0.6725133795671189,0.07702255970648667,1.5956582142014417,0.7310153896662324,0.9471067253506672,1.1183669595620163,0.1100245689336159,2.298417043116305,0.6919713186663956,0.451765639623799,0.6239554010772368,0.06192213779963479,1.4038981187095638,0.6184717155461331,1.3899952326573284,1.8586983373576917,0.17335827410103033,4.160934729728781,0.7832985059531709,0.4885607689718725,0.6045889871732416,0.06852933220103377,1.335440552425605
8,RF,0.1429612636566162,0.9202676174035647,0.26339525193447866,0.3022216130925165,0.06053741431657551,0.4505414446618312,0.8912251940658066,3.6859664356101185e-06,5.2924368657668966e-06,0.09451060194722283,1.2608760497035685e-05,0.9635371110379081,6.87304835489285e-05,8.401159084843868e-05,0.04672488280647153,0.00017261441628821242,0.9705486400262228,8.759298155943112,10.14705285347,0.054145064391043364,19.29660569110834,0.7760689909211158,0.20803768552250856,0.3112365546562667,0.051695540009558956,0.6843146634275428,-0.05485952122245186,0.49959965443888854,0.6485739106714117,0.04100213036913639,1.4018647345597621,0.49992851741364897,0.33040620228367223,0.4432494153855361,0.025345842961918042,1.054666454822753,0.6550539401623028,0.2484731129561133,0.3464423194568226,0.07484590269898721,0.6577697045414661,0.7463454467243001,0.5248926895829586,0.7837842214912549,0.09237959254878361,1.914325205188245,0.8801259842144278,0.3809403151214081,0.6042920320504058,0.06056983168699043,1.530028569059347,0.8924053841332943,0.07227477424008938,0.1260729084742243,0.03820818495899194,0.3357752941652228,0.7836004419957359,0.22907378128315206,0.2964290613375865,0.08006207361726361,0.5834165501500497,0.8987619960787805,0.29384649191365114,0.4000175966391882,0.07542013992119473,0.7231681500768388,0.9009710910885713,0.11405191910250562,0.1572445719194886,0.043039496880924,0.3092076131626591,0.0357806218842196,0.4103510107647085,0.5218131153668459,0.15213231191851337,1.0210180950079057,0.583534583543356,0.38984102257141806,0.4856474074164889,0.14165665113439313,0.8506556479296408,0.8244882914978493,0.5253662023943056,0.636783073305791,0.09847446620015565,1.22308797658477,0.9525873755814396,0.5255214030678766,0.6378901553735342,0.08801561105149787,1.2006132647894479,0.9505982205806561,0.31834297954282365,0.3416890872860738,0.06166967790848166,0.5361723483629195,0.4618127637182795,1.474336055021018,1.8203207986672003,0.26253965128023876,3.5157396984879954,0.8765583564219478,0.6453087283057,0.814899332675599,0.12415401114886529,1.8522407410106414
9,RF,0.14261126518249512,0.944744665745125,0.2882345335987099,0.31928047473494076,0.06901754255004601,0.5117616591479495,0.9395757561149987,4.2331973449594335e-06,5.722123188842462e-06,0.1071965222864239,1.355049226747829e-05,0.9100638458305683,9.636208997098183e-05,0.00012678631984332865,0.07199616181382489,0.00030126393709971507,0.8517006041522862,18.15172023754349,20.316504756928932,0.13932213323628884,32.82747097512015,0.6595862372770811,0.23908578773479688,0.2869839464006267,0.07409145997024286,0.5685582383403824,0.7297187930052202,0.4732439881888162,0.6098372995601853,0.039045865123355665,1.0830385638280244,0.9232678353790066,0.2657060452445157,0.31931412462932807,0.022589720884807908,0.6017742586466834,0.4197498725547175,0.22053204135875754,0.2380035312890155,0.07453096717289893,0.3739950483093075,0.6879480315843229,1.1066044319450454,1.7768430813711282,0.17597169384364492,4.403394916372497,0.8102654726183431,0.7598211291491068,1.0758343077509853,0.11858790647990997,2.4990126318032804,0.6083664608566747,0.21186853777576964,0.2590737246327627,0.09589819696843942,0.40195786213285967,0.8088210246232119,0.2577821578500573,0.37513955373349805,0.0815127391520632,0.9230554035120342,0.568542303462201,0.3771116017218246,0.4562489134626256,0.12966339300334365,0.7082408798802615,0.8093030091698564,0.1474609572361678,0.17581426657912486,0.05155344129485963,0.30788010141933064,0.6170595903605773,0.6098690873084074,0.9440362004448953,0.15012680618695684,2.4074504614523953,0.3775216342726384,1.0324419580533786,1.2389036985085682,0.37964942454526707,2.018204655064328,0.8424834809457392,0.578990319688747,0.7402893284898822,0.11268309145155717,1.6860420032033128,0.9105206798862593,0.6971274553476463,0.780390569375616,0.09938898688426835,1.5338330923681518,0.8214888993976035,0.407583262358262,0.6921300934286496,0.06032800206594503,1.8175281414454254,0.8705815595281755,1.5167480242915976,1.7929513047485868,0.23599905290535167,3.674679512360214,0.852075296905232,0.8273232220774147,1.05530183687497,0.14161849086836575,2.418759188066188
10,RF,0.14371037483215332,0.7885152348740077,0.537078162433417,0.6247173939127119,0.10343593666244726,1.2344216885475419,0.7862152619368924,6.911611515430213e-06,8.900635664710127e-06,0.1427570684140798,1.4831373644786797e-05,0.9437672008352238,8.15324428587784e-05,0.00010633754325753731,0.06070142416280874,0.00019387851643599052,0.7740305880984627,24.277802806181278,30.060747192531753,0.16412582485682875,58.59558916629902,0.6128519945573521,0.36760145001705347,0.41711676012358456,0.10468470239119007,0.7168527987228286,0.8323715413242908,0.4201764522682243,0.5662151137336718,0.03567296319613143,1.0951079244703692,0.7785156955891697,0.48090368378502135,0.5103126084651195,0.037222916540924925,0.7562192704305648,0.83941043283648,0.15862912870200235,0.19497898617385154,0.05128909942620131,0.42936051914897444,0.5932515426908069,1.2515746142911013,1.8542486516544614,0.16977911920899885,4.599564728327052,0.6348138480671239,1.0635790826637321,1.5782238746796486,0.149790655104305,3.880796327920997,0.46050881281713896,0.27989513143705863,0.31578790217114816,0.12738265788344297,0.4635182110718361,0.6935664133059158,0.47915811984006873,0.5898628416597079,0.13745324294009867,0.9243166725078984,-0.016376738316995487,0.5711280252678994,0.7609927166869221,0.20121203324571338,1.5185441637705464,0.5953337607198561,0.35242951845966286,0.39955371390583044,0.12316978850863933,0.6948408608223597,0.6585448084822714,0.6081503223541149,0.9422482357729646,0.1432591088707882,2.249095943565406,0.7520485992664058,0.5967410075025104,0.8591518214493473,0.16850800559094997,1.7237095439284693,0.6611047256461223,0.8394023404967312,1.0957640356312937,0.1314576631107752,2.4448700635245215,0.6009515434770794,1.4169931356647134,1.9215947747585018,0.21914018837365906,4.06462201679038,0.7942682904987562,0.6569103373961818,0.8013959493201833,0.10322459237882611,1.7415934212650583,0.6369421174152805,1.5791222846783222,2.2482577377176702,0.18543455718957713,4.556059804657988,0.8990832506633283,0.5483236987493227,0.9282112154996887,0.06537155752938653,2.330025392784842
1,LR,0.0475773811340332,0.307069568616569,0.25229035702088565,0.3348087568060107,0.06293035685868376,0.6028721317077022,0.33807971771529466,4.171003667365793e-06,5.054068545091697e-06,0.14582201877735868,9.474474063293223e-06,0.8411771493118554,5.48395743425214e-05,6.79750331208525e-05,0.04384582868634617,0.0001301272719945372,0.8719141754167927,10.842046791931745,12.877570843011256,0.09027529057431362,20.080603495211506,-0.0561017172711924,0.19775193211644976,0.2321026108323671,0.06109774448003526,0.3598818437453577,0.5814806534846236,0.30265086587873746,0.35384205296652077,0.025988517283440694,0.6214692939000521,0.30152719293650543,0.3272328222224339,0.39721222223783476,0.026341192338193688,0.648252575434844,0.29264035719457615,0.20391858892724862,0.25205147395119876,0.07158380949116984,0.5260643438611399,-1.5944531561870354,0.7947266193278084,0.9126651429609856,0.18931443059772768,1.42693456015021,-1.1394140357511406,0.6371477195444155,0.7624229252823976,0.15005801442155853,1.251311146398749,-0.1917624357904335,0.18999402507623425,0.2243732000797136,0.09274269222067746,0.404631265670369,0.6588605027786447,0.21858412808860422,0.26199915910689403,0.09398612588691468,0.5567640227273176,0.6930958002796008,0.27496820617076556,0.3107615724378992,0.10010953495676547,0.5820442043317731,-0.18157645380233922,0.16348523129719206,0.31078964833496703,0.057634104022654224,0.8269613621241874,-0.5905513408653658,0.656565150807445,0.7351678520012501,0.23402755484021703,1.140050563885687,-0.1436530877922486,0.7108010236706646,0.8190764055162697,0.3084032858841303,1.4163757542195037,0.669172014283975,0.4809015299160303,0.693608209116472,0.1071113131854674,1.5909673601833623,0.8271546929125635,0.5490602188605179,0.6305298878110598,0.0837644001417263,0.9423704343302619,0.6751859230977222,0.5484968313367796,0.6160055941888943,0.10292857684448724,1.0805218105089471,-11.694560295720889,1.6253064721392847,1.9638135044441292,0.31168759633909937,4.209378242522525,0.7071358551588887,0.6303576900621513,0.7659213438680746,0.135276028900874,1.5748052390693168
2,LR,0.01591205596923828,0.49036685283067993,0.5854306304380379,0.8697258506402824,0.11781791205070084,2.260882279865612,0.47721464899065313,9.200775702727807e-06,1.153960025552458e-05,0.29778672196325523,2.614834806730687e-05,0.8306618433101478,0.00011115338358056915,0.00015331083051325494,0.08223515597563398,0.00038018847548984525,0.8940519925316752,10.912925074853222,13.745609051198931,0.09138208200999047,24.004390261283675,0.1736160239237462,0.4584246857945664,0.696087971444589,0.11291713756364913,1.573886386399331,0.7997655121953638,0.3697991967154839,0.4288330923255694,0.031008655990223098,0.8124261934659813,0.9333769148512323,0.2273227550700314,0.23993432484394522,0.01819043459991443,0.3160204386101739,0.3211561413633036,0.3716181787154007,0.44980949666355896,0.11303788261935206,0.9228360854714457,0.07069556614115147,1.3309445706762,1.7875526310034864,0.24077543217027966,4.075667589601855,0.1472307189509947,1.3767198590238896,2.127122473297981,0.22336068147544783,5.573160827724935,0.05805066304290629,0.2671305471943419,0.42704773582229033,0.1038288170878067,1.092028993220973,0.5390827526365782,0.27492597734735114,0.33306926039296986,0.11166112549293558,0.5496183125322252,0.2475783016068448,0.4998002057154702,0.895038011935344,0.13341427343004364,2.400929205828469,0.8126197323317671,0.22048390901286286,0.254048055724766,0.08182348159611835,0.4609077350886497,-0.19149293815239576,1.1494431022591443,1.8599744408843635,0.263814369065696,4.922323998180394,-0.3281067617091886,1.8533371392555509,3.4672044720494313,0.3664536949218088,9.516794479013468,0.827128601179972,0.4097143279908606,0.4856383767542333,0.07764959278912661,0.9236671153360172,0.7884773120323583,0.7931170154885321,1.0905320327317962,0.10075787929078142,2.560870697673982,0.8963740560268236,0.4261917612621591,0.5047339566793246,0.09056869683790178,0.8476890125954388,-0.049694742977384854,2.551983862737674,3.147313958893161,0.3930650640277153,6.835413228299515,0.9023415585301662,0.4641883910915787,0.6407373340643644,0.0960057481432217,1.3988722424362265
3,LR,0.026242971420288086,0.8654787553942367,0.27482577997833957,0.3115013618503614,0.05746008943210391,0.5617194259019307,0.9295585459557367,2.986192138354012e-06,3.533658635986506e-06,0.09824360573626285,5.168424144614994e-06,0.9711195538087116,4.717526886465605e-05,6.157521250674699e-05,0.03314858311575857,0.00011839030510063867,0.8692677092385377,16.843645457469734,20.21027566135202,0.10596958064390183,38.50039712819461,0.8263114306053619,0.22066628931349008,0.27546955702488213,0.06907972033602007,0.5409893197522351,0.8044120669537274,0.32595714962806,0.39427549746864843,0.029314187991990096,0.6386154371576804,0.748505111626582,0.3750431066152682,0.4326025457060179,0.03053611195950646,0.653584269810187,0.4735696406253985,0.2570256995151275,0.3247257622537035,0.07519007998847661,0.5891847291240495,0.5016955212009382,0.794055927594455,1.0042896449802678,0.1341979030313921,1.893884853823982,0.644721207874003,0.6663090610614248,0.849866418291035,0.11171256508627692,1.7994195630618464,0.5898457281388712,0.19385146273146164,0.24548127174292342,0.09649709053621087,0.5349874287937144,0.6358394059197252,0.26419656628159893,0.34491414188565944,0.1048154941770157,0.5688316529037687,0.8526943177941574,0.29350693144336726,0.3449753566885009,0.0870878601739265,0.6399490721234633,0.5350328423241495,0.30679685377741045,0.3645749361927967,0.09971411522371446,0.7162663324922334,0.13540516015763882,0.661552684947061,0.8080677125371282,0.2096948669219441,1.37065321170128,-0.0643912089077856,0.715337402066266,0.9277308607531253,0.27541082162838093,1.8048102584714774,0.915229927789665,0.37057966482172183,0.42832827470146395,0.0687232203414006,0.7439029036716684,0.8077651525750698,0.7731532356207912,1.1023685416281888,0.10072516817446017,2.2980237502353837,0.930628646164141,0.32550445021698504,0.37894660468465224,0.05284057208870583,0.5995446436140632,-0.8065766661729468,1.920449829981353,2.533148029237504,0.34332703550841753,5.1578308460957025,0.9285413091078027,0.6093784135228453,0.670420352505835,0.10152989326089364,1.2984124979743772
4,LR,0.01577901840209961,0.9178431927584167,0.305014952336684,0.4204161198921269,0.06334241217949443,1.0090216582537952,0.8569917592749593,5.789257643262207e-06,7.988364185582735e-06,0.15199051627867666,1.9695526437484934e-05,0.972886434159696,6.021588360560487e-05,6.563059609187275e-05,0.04648355443460901,8.863179431233144e-05,0.850866471206031,13.553876389130549,16.428144728949608,0.09276658461778733,30.204693364581857,0.9384143294095845,0.14558092386231308,0.19814897791660574,0.053032124517086866,0.38744689436160495,0.599337612686336,0.3241234422098762,0.39891729655547215,0.026926932867767265,0.878384486906068,0.7718713046008654,0.2750631976424369,0.3191171465035414,0.0215170886271684,0.6030078843894078,0.8079511141097557,0.20990977183769444,0.2410330528384661,0.06917935289126426,0.3766134874374245,0.7874983903826882,0.9716442171918436,1.2128651766695733,0.17776596549713353,2.6348614749736736,0.8079672349824155,0.8844616562153358,1.1521457900418939,0.16110679785279303,2.6059805933368914,0.8144745325967098,0.16469752806925947,0.17582552819420094,0.08025432147426972,0.28464759295159725,0.6877733318980672,0.3571592503088782,0.6174381721868204,0.10624899347885677,1.6599715733609055,0.7092016997248481,0.4548419431636928,0.6273024443900728,0.12329149798206036,1.2048523172913965,0.5443479012603132,0.27430864890670315,0.3296312151752396,0.12183465824957179,0.6625571459981887,0.58894159960276,0.8925614821966197,1.289120647103671,0.2515213964904613,3.177472273327684,0.625876385034093,0.9016781995776586,1.608073099146532,0.21298708088592255,4.289962305583644,0.8749068425816452,0.3333863128066751,0.45580906765534623,0.056752574747603424,1.110286387717557,0.8841726876810614,0.7867575109695346,1.0069810419449317,0.10131019676747868,2.38466903840734,0.8958324726599346,0.3039823626802298,0.4165382250847822,0.06006012934033596,0.9947376888567634,0.71306544299736,1.9526190388916351,2.6784716893141867,0.26845692915132097,5.971247748360568,0.9820504584982495,0.19012237412229133,0.2525588603813785,0.03165856124745428,0.5001498053759104
5,LR,0.005628108978271484,0.847776575346646,0.4462107554605045,0.5968640956865404,0.07711672359725139,1.1185174780761802,0.7844693994084297,9.113989866840104e-06,1.217122656105846e-05,0.17258745919855453,2.4886685455887246e-05,0.9285253650780945,7.745185140036205e-05,0.00013569958677724556,0.03648636457216228,0.00034084900685544314,0.8650949584028307,23.680950894032016,25.577397124155578,0.15798435186422347,35.91815250438367,0.7472777455168371,0.24977132253951156,0.3259801264556046,0.06829878231002937,0.7255846911568753,0.8315727143710683,0.4578464870463619,0.6141948429335579,0.04007075545749564,1.1972341199654437,0.8731182059413574,0.4548135433349081,0.5000974823345861,0.03638018375036314,0.6874679164027775,0.4607494755015542,0.3352153613602046,0.4045705475469781,0.09625458598849568,0.7809385111531446,0.7348761571128142,1.1610834464374773,1.3109567664587858,0.1791307463935434,2.4767889766162234,0.7766364081742092,0.9889730750945741,1.1364401475455874,0.15217204980447305,1.9236139243493273,0.5856303343326931,0.18906551894092646,0.24519143147570477,0.07573284295085866,0.45908931045790835,0.9401469689154631,0.1486620793685381,0.18627138678007527,0.04360402130437832,0.4016081493745651,0.6966882187208706,0.5199444547564853,0.8151830618251379,0.10337376631908304,2.0220189693049875,0.6887436965131164,0.22592386463459568,0.30265983624933346,0.07693381328843357,0.6590870979514025,0.7752103906410962,0.5027402882308405,0.6583307091449919,0.12440580678689259,1.4611910075469465,0.8599809469288622,0.5476914384068158,0.6429032601404633,0.16239754581581092,1.0894575856218633,0.7284874559366682,0.5413539125246404,0.7243474938930742,0.08501996312410542,1.5446776763893393,0.9516639192398657,0.5370374373088186,0.637248172174848,0.061409034137235634,1.1537401899821447,0.8573859161527212,0.3050146990937571,0.4268258039254539,0.05337606750503172,0.8530361148571171,0.6077424815686325,2.9278658776872564,3.807027855756037,0.32249226166454825,8.108615259634712,0.9291312045634729,0.5375709283577914,0.6144043441153918,0.07953015057283164,1.1022515707607052
6,LR,0.026430606842041016,0.9650664737664308,0.2014208186914661,0.2471333557732968,0.04445145644738849,0.5318992696915288,0.9253672774426989,4.412367630415091e-06,5.277445867631184e-06,0.133516883756103,8.230325230297833e-06,0.9622567557325927,8.049818282933647e-05,9.130866331931469e-05,0.05370833124508861,0.00014615787512793502,0.8731087140656171,19.282855193579806,23.772450161187674,0.11943428375795827,52.57507554270117,0.3568825180198477,0.393640039348468,0.4702984753037141,0.11736381377807314,0.947564938151392,0.9044709957592161,0.23597878815803397,0.36980811049555085,0.019523131582485063,0.9533144675289478,0.8213482255078417,0.3420111357394182,0.47497700919128333,0.02669069601761824,1.0264527104717356,0.6826363745293716,0.2584731912530861,0.3256566708207005,0.08583333336081628,0.6543553909851845,0.7290678788138998,0.7548233301772127,0.9524004151251358,0.1555788834576046,1.6156924488514885,0.8298481153501239,0.6759032455125896,0.7572422431767831,0.13495260658325833,1.399424913880674,0.8101920941864436,0.11728410682916957,0.16652900312158764,0.05770476025382498,0.31100001951489586,0.8196146536213197,0.3399651347871986,0.40000124366324236,0.12003971944032737,0.6169954411901526,0.9563621957668766,0.18912867585604118,0.2667381682175676,0.0770327085087638,0.5083267667467082,0.017796581709702997,0.3846574233010444,0.44549822710071774,0.17193180633148447,0.865281169538306,0.8398420721870961,0.5009019404634387,0.5704255439397378,0.1619289212337961,1.0073722000079055,0.8485236815748581,0.5270682769846844,0.7184667117454375,0.11973544681538686,1.379750127841966,0.6674253871271358,0.41361473670766113,0.5671499835424885,0.07644005686760634,1.13425101200378,0.908550194697783,0.7658344612840751,0.8439497451005428,0.09868369291008042,1.1738279860076695,0.8829155356300038,0.35338746509033514,0.41557987981725986,0.06840697605314484,0.7621496698379273,0.800671410977779,1.7543982003402656,2.118392533209597,0.20730191291448719,4.095509009067552,0.9119673393636992,0.422681131809575,0.5676781849786032,0.07185350737608301,1.2541231404513429
7,LR,0.03166794776916504,0.8139962172722928,0.3058503462230846,0.330303867843128,0.0607876065713652,0.4950379475815261,0.8091074145044301,4.377154774566739e-06,4.795053779545801e-06,0.11392596969068206,6.7947966204045935e-06,0.95004591600646,5.246863838208153e-05,5.942818345075524e-05,0.03542204418591571,9.163532044294005e-05,0.48277354295413344,22.031197946986726,26.491075843182184,0.11974944403727864,41.55828373854078,0.5763538748968648,0.23403008552018717,0.2875226916541916,0.06544762580603304,0.4945152360032039,0.8762203355708633,0.28236919503767965,0.39576087936368115,0.024532899436183135,0.8756454142020011,0.8063669740256847,0.3520419025240926,0.4117970309142071,0.029145322833272716,0.7782457370723073,-0.07032836270464715,0.2743087752138587,0.3174231898076568,0.08381018400446169,0.5923864630079452,0.2767257837302939,1.0973612994287407,1.163366556794534,0.20773788659758552,1.8325843391613645,0.3712599858784065,0.8190435706309774,0.9107583390954159,0.15182934903816503,1.6337226923430288,0.42912014321983794,0.19902083292300998,0.2400011437710054,0.08229743660876207,0.4887779134599577,0.7996907165788285,0.2732420191045534,0.3148790235398263,0.10207716659749402,0.5030873805736267,0.7761220092411494,0.327596957692325,0.4474576331967327,0.11087905121761944,1.097495570143768,0.6252276964102097,0.17402366351066084,0.25531865589045405,0.055115245467314125,0.6309345391190986,0.20769219648258752,0.6408704390522395,0.7022201373301777,0.1933932542466493,1.182390028678288,0.6462532802657334,0.6091546847371836,0.8005829672045629,0.17649978716831877,1.5339396069515479,0.666023571526502,0.47147686841228376,0.6971960135593337,0.07353563472090514,1.5574705923269416,0.809392421009605,0.771167488771616,0.9414357672591466,0.0834901043813191,1.6552723201390407,0.7535657482414676,0.38376347200785543,0.5580954798782212,0.05228635553802499,1.146866292787232,0.6034915150005706,1.597246832020078,1.8948366804541255,0.20106251270024073,3.5404432361241147,0.7572172128377259,0.54201172532237,0.6399384804190144,0.07983086469843667,1.072985943777116
8,LR,0.021396398544311523,0.8769272090331183,0.29832361181124717,0.3754820436286279,0.06572353781303533,0.8123916002274933,0.889066498534529,4.6736444020779825e-06,5.344694521527363e-06,0.14163022604300718,1.0190660224755545e-05,0.9755306998237617,5.8976262133728175e-05,6.882154935143257e-05,0.04467840139392819,0.0001200350953795557,0.9231852720078462,13.21386163296296,16.387378850406787,0.08435753800238743,30.243694083102582,0.7386250483959927,0.27354129786486553,0.33625245453895547,0.07077494289875658,0.6705225035223226,0.5268800508492841,0.3622250061188885,0.4343579667924733,0.030276771560488518,0.8448742887975769,0.6101260238468806,0.2873052390444335,0.3913760544082322,0.021945216211597618,0.873255193117652,0.7100455012997298,0.2811393787883515,0.317629088965815,0.08696844306783513,0.5283859515904874,0.6802470332240816,0.7004843197179312,0.879999603376424,0.12842606245987914,1.6984201955190912,0.9252308611539296,0.37938786882594255,0.4772495526382534,0.07966850323969965,0.8552808177352667,0.9075006323566528,0.09402004010826731,0.11689498625287847,0.04614389885170582,0.2529006549535453,0.8778893025020316,0.1825279855004379,0.22267396894915287,0.05842066752756184,0.35206555314902266,0.80345090613322,0.3074337758724079,0.557369028335696,0.0693633168902304,1.4616492016712623,0.8566285909263376,0.16853307832629855,0.18920209557865975,0.06816955458111823,0.3414187081142348,-2.31946900005071,0.7786517876232198,0.9681917361896033,0.2864328484188695,1.6495866158729893,-0.3193936757791447,0.7064091741774813,0.8644080487796533,0.2746348935591467,1.4827658286481857,0.887427933205313,0.40358875446643516,0.5099807503314163,0.07962640419949285,1.040330477502823,0.9787877136336792,0.34775373800176224,0.42667052550745455,0.049243062421793854,0.7260618429482903,0.94600174996219,0.2996515173136609,0.35723142449848916,0.06157564394107297,0.6495486422742447,0.16894035611270675,1.523394799486275,2.2620246391941095,0.2794085852201912,5.50299098125257,0.8966079083428363,0.6050734040351966,0.7457903765345697,0.1275133231347482,1.3441128614717055
9,LR,0.0175321102142334,0.8962595409599184,0.37713402354995657,0.43748114287747675,0.07982691112693566,0.8090691683510132,0.8399214145150277,7.065197152248754e-06,9.313613469308254e-06,0.2124839730991936,2.1707208488388108e-05,0.9585029748847066,6.758692928786809e-05,8.612192360895502e-05,0.0621797785185199,0.00017660883237813384,0.8739110550773066,14.820811223079563,18.733451860384992,0.10923090755256201,38.55147585586769,0.255927681294733,0.34730324125383444,0.42428885335228583,0.10666281049944187,0.7769483700975286,0.7038996960525166,0.5329819715936985,0.6383009420703273,0.043949669187034704,1.1763513919045696,0.88431125573115,0.33631460146348013,0.392080242654717,0.027046925329566575,0.7129737594466885,0.42407943685009775,0.1933158987939333,0.2371139313231159,0.06252830447976733,0.500548310618413,0.6468489906894829,1.1613033244176774,1.8902351648173583,0.16349608247668979,4.868888943977282,0.7755573057644148,0.8084525589361096,1.1701052861513932,0.12792577497770136,2.7300490763563765,0.6438131123014399,0.22026697868581693,0.2470713533452101,0.1013352042427444,0.3613269403399606,0.6655902303306579,0.43851436751315115,0.4961491720484481,0.15399513743403898,0.7913409985304849,0.2532561053799308,0.45142644807983023,0.6002312095405848,0.15156995386981198,1.3078049366542408,0.5934293275103051,0.178059859999121,0.25671439227300064,0.06600579930886569,0.5278188607395533,0.5175146746418557,0.8300215017917867,1.059656493956426,0.22751928866200105,2.4273398334755383,0.7334798811184824,0.6895295985676233,0.810663123207226,0.24170041292928746,1.3244032684898617,0.9240861173530039,0.3689436731333495,0.5139241640339943,0.06886447227871095,1.158246246060414,0.9604024754339393,0.4374780240487165,0.5191402395803377,0.06006856271275411,1.1308876082858639,0.8640414390162616,0.42118226236306106,0.6040298461042465,0.06983102724610402,1.456129847607997,0.7033851502019572,2.087756297612697,2.714356323268606,0.29144151192955264,5.9620675620710255,0.9289232007486126,0.5874860719265622,0.731510007824379,0.12287451946326275,1.2726768897586478
10,LR,0.015757083892822266,0.8380628529738771,0.4824043935400163,0.5466599991264344,0.10595327369941243,0.9259580992383531,0.7988708732099571,7.804044199130062e-06,8.633167342137861e-06,0.25880809331775345,1.2463335501625389e-05,0.977482892564605,4.925765257201263e-05,6.728961930340255e-05,0.04680108585664032,0.00013421301176009311,0.8352296572282033,17.666104066097695,25.66932603661012,0.09980974972649248,48.50876326563153,0.5391713438452894,0.3918911683671953,0.4550811701997357,0.11060803016914604,0.7417228180267692,0.8192960427776371,0.5097177234467922,0.5878836925689311,0.04358657150487136,1.081598839499879,0.6391482839566923,0.4587703157678389,0.6513721839499292,0.03572027092532874,1.4855220656748802,0.8739623537580392,0.1252113516193803,0.172734579126475,0.037194348406640224,0.3694260954427331,0.5778074621026388,1.4389401117602556,1.8891232418696882,0.2337759922510518,4.4859771699205915,0.661934105231421,1.1951330524114319,1.5184907076467458,0.2000301647350467,3.535351781932251,0.5415529386139264,0.24268026960038652,0.2911038219965329,0.11772939362133446,0.4542865541474974,0.5844766735906357,0.5959649018234023,0.6868795094161148,0.1850449289241431,1.0632617073297124,-0.026625141657117046,0.6051005496488806,0.7648197420129456,0.20755109180053094,1.569909018702755,0.6395426271405011,0.3221480274006344,0.3770974900121978,0.1131382129882611,0.7069200432385916,0.2320934673666195,1.277250842178298,1.4130341371023423,0.3796931173618383,2.401296433495962,0.5120057636140877,1.045951958981826,1.2052967304071702,0.33404710342086974,2.395415073273507,0.7435477292030055,0.7434504461838591,0.9532077401977197,0.1255049742184469,1.720555678169891,0.7198800128406131,1.27141600721079,1.6099820733705852,0.18147419972781645,2.842093108064498,0.9008468637787002,0.47743666522940365,0.55635212771254,0.07538369685338739,1.035873755766687,0.319101507863488,2.877710079046843,3.078926685749581,0.4643220644779218,4.6093868081492015,0.942500786902013,0.4825695551993531,0.7006419488297164,0.06147993901926982,1.567507714822705
1,NIPCE 2,0.5888791084289551,0.5816435789475938,0.2036946118786595,0.2601508268032795,0.05372670218859115,0.5729788092359223,0.7444366730105352,2.1490983792109904e-06,3.1404186651026734e-06,0.08532399728540743,7.788534196271491e-06,0.935756617039731,3.4281222938509226e-05,4.3232179997380914e-05,0.02784739077462319,7.665925024095662e-05,0.9039062601069053,8.307019854762247,11.154008254122354,0.06708880774051328,25.283199731311726,-0.7696156464233299,0.21986421968079495,0.30044613813457893,0.06621608957261785,0.6557768164013846,0.02604988236991268,0.42355917486793326,0.53978403326239,0.03636009825064179,1.146277117696748,-0.02146435928422319,0.3817930160854448,0.4803518424538283,0.030624634186241437,0.9256920653721572,0.5124346978803129,0.1650047495897597,0.20925965160811671,0.05430722079946544,0.4247800617795532,0.12840332841958024,0.4461799373421268,0.5289886193059248,0.10092456469041111,0.8449654576105781,0.04664692023289152,0.4248042555391375,0.5089503451384773,0.09557307499207676,0.8900661416099895,0.16757985901231254,0.1634032666005812,0.18751992718303878,0.08284954642338949,0.26282628202571257,0.5192396563269167,0.2090737795886951,0.31102708736186613,0.09570058384477569,0.8016824357947243,0.4849823168847167,0.34379802097037604,0.4025658819085562,0.12963891604877253,0.7236756730415457,0.07714522692294701,0.19555100089542526,0.27466436175259445,0.07067189403732677,0.6155022758014135,0.569893582659793,0.3430708410762563,0.38229676478103713,0.1111628097188701,0.6148390132527286,0.32947444195905107,0.5238913968229102,0.6271695007119151,0.23519001158138197,1.127792624365091,0.40613120901245947,0.7099237044682731,0.9293051750048698,0.155183900859967,2.060991173515853,0.8467651283673862,0.47767573564841637,0.5936844660241314,0.07111885537469843,1.1753942172440945,0.6967203698054805,0.48275819123399766,0.5952355425920347,0.08896538029740256,1.1058898670916406,-5.919213686104209,1.0871807768731814,1.4498390150279157,0.20378161426298008,2.9796027360134154,0.7363151678723523,0.5710940180120474,0.7267643977297833,0.11652445228732894,1.5125502725516622
2,NIPCE 2,0.5987002849578857,0.557036022121323,0.3893455068000352,0.8108448269242852,0.06804362525686285,2.2616050468388362,0.5781104517812439,5.325543344868063e-06,1.0366411466938137e-05,0.12450612428798948,2.8610259086306376e-05,0.8394264032941399,6.991271085227113e-05,0.00014929060910032405,0.041795554576568396,0.0004172799780806447,0.9324502749583219,8.530255829602426,10.975628120507237,0.06117077401082052,23.162752259313493,0.43374211671275964,0.44029710804981104,0.5762093696463513,0.11087386367376356,1.294601054732801,0.7210627064212946,0.4078723822756052,0.5061417269351115,0.03497705113483685,0.9811786271433505,0.7451426243536856,0.41044594750074115,0.4692762937621813,0.03273695870252821,0.8200879912365906,0.6311088220591274,0.25301702267088455,0.33158342120539996,0.07546463053124151,0.6566604220644368,0.2775734300573943,0.9013169287141873,1.5760743031073292,0.13387213697276373,4.238008035706427,0.23211982088238203,0.9159561454314287,2.0184753540858824,0.11287102942206709,5.645377453559279,0.16931660181680586,0.2553619838614535,0.4010332821639361,0.09560273280365958,1.0211590576886054,0.5512897721358275,0.2839447358532892,0.32862913018885404,0.10887054766476335,0.5934515182672566,0.06718344149389799,0.44629315488756904,0.9965726122362253,0.09412371680379421,2.7902723936132072,0.905703506778933,0.1557061121534936,0.1802194745368004,0.05730290469932417,0.2926157467406951,0.09542401871648265,0.7500977056845503,1.6206295969019346,0.14953013378119778,4.514888094105721,-0.19489442637428067,1.4288448624207999,3.2887262736607807,0.20164537873263222,9.258326778116272,0.8071900500384062,0.44649856007541927,0.5128804520754228,0.08674078335780731,1.023285605735417,0.6451460070365989,0.9605373309092644,1.4124880969718487,0.1272837558237478,3.510618039690568,0.9001160030300628,0.4009565378594753,0.495537162869717,0.0780200859886315,0.9624328607882449,0.3001880317376434,1.357535017493542,2.569799496019162,0.18325220996402258,7.024853648738502,0.8719024022237409,0.5899635535231309,0.7338302800637243,0.12271010348473738,1.4372169358962523
3,NIPCE 2,0.5782198905944824,0.9192171485959892,0.18519577174344842,0.24139268228799352,0.039557213403271556,0.471448287422886,0.955660487338327,2.2101029581626144e-06,2.8035344332198675e-06,0.05899605941653906,5.239201276588111e-06,0.9950325932089477,1.934891257163682e-05,2.553693866455006e-05,0.015200982024493761,5.549947810370537e-05,0.9531471064459985,10.727333483999999,12.0989870046465,0.07065654561684129,16.92755915563842,0.8607454630227229,0.20374945848149378,0.24665655891695332,0.06415702234744174,0.48914140609123047,0.822388010746139,0.3418718767993838,0.3757205063934411,0.029827912244530047,0.5006923627258768,0.8935009918608934,0.25565425271304476,0.28151223260302377,0.020948320940883895,0.41033739268034175,0.6478705757808361,0.18749222754871953,0.26558126771590457,0.05297084352534787,0.6544780666047245,0.8690926811952265,0.4043914081478663,0.5147466790692089,0.07274086434476196,1.0325692045340915,0.9010635863049261,0.3360104815882636,0.4484810620482565,0.060451387337160725,0.9787972627027512,0.5621400347433964,0.23455088079923012,0.25363685768619104,0.11252820053967083,0.36587486410928083,0.6061817827141097,0.2520670045751863,0.35868434978676295,0.09724835909376932,0.681087491818579,0.858733286325678,0.2723887216805369,0.33783002363012815,0.08401480182832649,0.7402978444215824,0.5270778277277609,0.3022920768401939,0.36768042351362573,0.09860187645388648,0.7012011711639206,0.3152333733659658,0.6089957484686626,0.7191388109842201,0.1886460406348949,1.316853836627014,0.38831286730031545,0.5787168238727849,0.7032925816945418,0.208223553760574,1.3795905848531462,0.9078650634517418,0.35708186203154196,0.44654747487812446,0.06622990532056464,0.8774656405778565,0.8837153623499335,0.7959915940687542,0.8573771887399094,0.1071524164728084,1.4025525824738185,0.9646523627033345,0.1954846203255769,0.27050053607424823,0.027707679420688993,0.5201278493056556,-0.27144306391036177,1.4496289707989138,2.1251071354952566,0.211129221459875,4.383778977375243,0.940880359203323,0.5144973361240986,0.6097973820164466,0.084417099862546,1.0465917648201053
4,NIPCE 2,0.5713784694671631,0.9948960490462249,0.0842068830256747,0.10478782573121072,0.020392994661913313,0.22145162359823978,0.9897745613650655,1.8545844892827349e-06,2.1360838537933378e-06,0.06447902461055247,3.3754442546170353e-06,0.974781450703804,3.953017982681222e-05,6.329553572203075e-05,0.026307905695380572,0.00016524434500315727,0.8902379859164133,10.888811754674924,14.093761142241233,0.07579331306419347,31.602210476142687,0.9354726056410483,0.162627186008937,0.2028262043387382,0.05043538256164341,0.3449223114362958,0.7777701570874396,0.2731877161204066,0.29709460786252756,0.022667753244379675,0.42332240416922673,0.903347631879103,0.17099807125503586,0.20771431662955214,0.013445267432896944,0.34668691410276153,0.7880022278248532,0.20187746509794224,0.2532423610453016,0.0649354328992146,0.46875984099237833,0.9832395993460655,0.32040980414284465,0.34062272028919083,0.07346586480625886,0.4441857896180226,0.9771221063857204,0.3214110095798101,0.39767454028772364,0.06767882144847227,0.6832975082766071,0.924468309730112,0.09704006277667818,0.11218757622304047,0.048289692805948595,0.23856656461784675,0.6621487355155133,0.3578047351947074,0.6422753473266792,0.1001209614916769,1.7334412671704942,0.7676157188888459,0.40366570030071913,0.5607695485306585,0.10267091704187904,1.0548598285881798,0.7657786941053252,0.2017219438114847,0.23633325853169765,0.08696365427508017,0.42108380190593087,0.8956286783397244,0.5374821970211703,0.6495796215410062,0.16786130961460163,1.2960021627399696,0.9151068984794694,0.5057348519680747,0.7660099768334462,0.1287586692193787,1.881658018662515,0.9173771140623457,0.29843319108308697,0.370438710319902,0.04998113769131871,0.8159927068575064,0.9075824619384014,0.6520744707514576,0.8994830883231012,0.08540679511782318,2.002357540660082,0.9379818206073588,0.25651261372625767,0.321401715822609,0.05009311204688503,0.6969482361275094,0.9680099462930598,0.7869738908873452,0.8943409509642578,0.14355519030632213,1.5772796500991495,0.974277776800177,0.26520641291324004,0.30233622119180187,0.0501736298128343,0.47082976232863505
5,NIPCE 2,0.5880773067474365,0.9411772537448997,0.24434549536644184,0.3710285754173388,0.038781176597277346,0.7363157717969333,0.9481106509253586,4.165823370378296e-06,5.971988853690592e-06,0.07626711285858224,1.2963576944314132e-05,0.9714370207000782,5.891891284633908e-05,8.57836073001875e-05,0.03241988919960967,0.00021457086908552693,0.9679428379762428,9.57910286009796,12.468229641410563,0.06469882066772119,29.007377183353498,0.8457976938284917,0.2092724359108048,0.2546330750180987,0.056622646069863884,0.57325077890368,0.8641047985874761,0.45635303180729947,0.5516987520766978,0.03724676871001276,0.9431436962699546,0.9020658314145218,0.34631853655029765,0.43936163645263354,0.02696527720344708,0.8671027144291585,0.6315385835851529,0.26447761009905996,0.3344221108478133,0.07510718656620514,0.5940796698559141,0.9126657764550601,0.6330716417544827,0.7524128572565606,0.10231797214435231,1.15832673787658,0.9646453905840024,0.37753376821019247,0.4521300757567603,0.05861035025771334,0.7144996861409156,0.5747990045931531,0.19111693477828423,0.24837532474008595,0.07922795576983693,0.498875440553173,0.6020911249329113,0.3764755207291519,0.4802804251083905,0.10596706867875146,1.0676255548293923,0.6926790397128664,0.5884159208030978,0.8205529254205274,0.13318937857826757,1.934011633489022,0.4809030638946893,0.3029317185280355,0.39085884813559807,0.09776665599640993,0.89406081534089,0.7779376395616326,0.5629901747445806,0.6543249395820443,0.16173753567372684,1.0123442032776326,0.8219419805687714,0.604023431450887,0.7249913569171644,0.19705697260209581,1.2586290552206818,0.797570832976533,0.4632531278121481,0.6254441810903465,0.06959893344016292,1.1650867312242266,0.9536559319396785,0.4730089848820539,0.6239789778238193,0.06161826052783743,1.4664822361922711,0.8471405196665731,0.3384211188060814,0.44189150044771947,0.05222325671606674,0.9771946665652012,0.8213244049230475,1.7785375163543684,2.569407780419544,0.17480545159597405,5.985987204732501,0.914345036419057,0.5215597453371956,0.6754652629484236,0.06971364983499415,1.2388685587229293
6,NIPCE 2,0.571152925491333,0.9383095520564759,0.24265591644292483,0.3284120738122161,0.0459375580060325,0.6771966616917942,0.9644592864530295,2.8447487810744973e-06,3.641851360211656e-06,0.06830887298648997,6.925050469038839e-06,0.9852301405502745,4.7941929673618816e-05,5.711899434878042e-05,0.031094879617897923,0.0001204843013816008,0.9490244888103686,11.226079354156441,15.067418154899412,0.07797753210287879,30.279989453880034,0.3256978324806292,0.3652452164200883,0.48156586046259975,0.11346814183555916,0.7870311398288772,0.8783839332981673,0.3505123096994678,0.4172576261792955,0.029673062745041015,0.7726438789985917,0.7018496458181939,0.4993248582911183,0.613601745237204,0.04003508096263079,1.1408227939014317,0.6491894779708751,0.29104078446846404,0.34238734936563153,0.09333053661031634,0.5976347267428865,0.8246053000875312,0.6143862445592567,0.7662977674553378,0.10954126355424945,1.549681215272269,0.8410726683835413,0.5990100046798706,0.7318393332281847,0.11265247211917569,1.575660907350862,0.858098086246899,0.13254163419545734,0.14398818580323416,0.0624280957527041,0.21460832529122298,0.7173002161331972,0.41208361005970756,0.5007528762582106,0.1360053645832978,1.0735692848310108,0.934961929892697,0.27699978459890207,0.3256398473573542,0.0958538480740645,0.5251682169275913,0.48188806985037813,0.25520408164318176,0.32356166064557035,0.11648609162715301,0.7147592715383806,0.8647699982091364,0.4644201872939231,0.5241568569436915,0.17564939826712594,0.9236545495152257,0.9181861233488351,0.32825778535685357,0.5280168310049886,0.07636178048799677,1.3751921895949568,0.37348546433935637,0.5898198074873404,0.7784289021906051,0.10500874212961972,1.4602944235868218,0.9492757321420028,0.5039370357671924,0.6285402404896459,0.060323148302011374,1.297461933590565,0.8463389556171875,0.36110589609859267,0.47608748660265604,0.0647518230811267,0.8724746910701935,0.9091619943917122,0.9877889903780378,1.430063874805465,0.0980315103090597,3.330470577634882,0.8326240373967873,0.6498483527048673,0.7827567748761193,0.12547620163128392,1.2224639410932117
7,NIPCE 2,0.5895848274230957,0.9664134676778845,0.11288558215809552,0.14035741287519188,0.02180771409870967,0.25200165246491757,0.9786530290020384,1.3087814624003763e-06,1.6034930516353608e-06,0.030515439858467185,3.232453532269539e-06,0.959048569612855,4.380183647791628e-05,5.380733633140687e-05,0.026632007051837006,0.0001214583400663174,0.7579718319949166,14.025662205605695,18.1214183639015,0.07512721181703022,37.424936654357595,0.11633728783120201,0.3039590788162126,0.4152539487575183,0.07978343753773928,1.0148152661538852,0.900145309501144,0.274475661913927,0.35546139980841507,0.022971168360686866,0.703798132438175,0.8366373268200983,0.34733120082230196,0.37824213868023404,0.028157177062741554,0.60362768905153,-0.03625594561060819,0.256092370426433,0.3123299648213225,0.07582237603261195,0.6044979062669817,0.8670478710687594,0.3999050850136062,0.4987842499012518,0.07194273611229318,1.0563395140932013,0.812731495941075,0.4166225933135831,0.49704988403350175,0.07520860688684596,0.8950545762887243,0.5869180323328472,0.16472215487566116,0.20415455317510656,0.06737729081668094,0.4418590366496753,0.8036591197276924,0.2830254708904561,0.3117443263525184,0.09946686878781219,0.45728672617445065,0.7788478616884813,0.2752272297758323,0.44472525446639266,0.09272409689268873,1.0236508876038846,0.6713303494753817,0.18834577868447638,0.23909946638159424,0.06064866905631927,0.4914074448656316,0.904459511801341,0.19536437729868494,0.2438484732627498,0.0571020180555155,0.5185442340626185,0.9475664926336185,0.26022143424969324,0.30822267838424994,0.08036000984186775,0.5213832308265962,0.6411711339581578,0.49226073335429865,0.7226710769052161,0.07568419608620959,1.7326526865945304,0.8746203977652114,0.677521893641864,0.7635439764357337,0.07397141881106703,1.1366822981111948,0.8211098786078824,0.31686060644980485,0.4755006877948925,0.042741612313069915,1.0818407401128454,0.8656694257831242,0.9995220072599803,1.102891973792298,0.12821396452055184,1.810453579114486,0.7763292422336251,0.549056859765575,0.614234044315929,0.08069146690709834,0.9396103138801104
8,NIPCE 2,0.5873239040374756,0.9192617027009727,0.22088549976331917,0.3041220724797648,0.05178818787668461,0.671607726217661,0.9198411949248089,3.4446849843480505e-06,4.543255329075163e-06,0.09525866175322116,9.620884739213708e-06,0.9844809395641537,3.3922137094305124e-05,5.480830652094402e-05,0.02559089874478798,0.0001392975552028156,0.9445522937144264,9.281186006981484,13.922878659134378,0.06395253012953972,34.8295960557391,0.8698472735694428,0.1636188360471823,0.23727944375593646,0.042925170493012456,0.577337505662662,0.7268454645008766,0.30391189916709815,0.3300398410613005,0.025533895713645782,0.4645353335774356,0.7876826566060037,0.226110137646498,0.288818403336846,0.017715690339761916,0.5092097301463081,0.7156112640558524,0.26893298373660657,0.31456582530388594,0.08359643341550753,0.5126871434136326,0.8383288553306494,0.5686092934292641,0.6257364323024835,0.11145638511553257,1.0141175596912886,0.9635894538585746,0.3196033788641123,0.3330411804549712,0.0639618829404135,0.48005940465186203,0.9794008317664148,0.042176840666077964,0.055163440454017096,0.020805474666985665,0.13082691285211845,0.7997338489753241,0.2192495681154724,0.2851650976588435,0.07139614927830584,0.537063045850791,0.8596083222543125,0.38380475707604655,0.4710619129650172,0.10919941066499075,0.9961460428666697,0.9077112172090084,0.1281689001806986,0.15179907477981955,0.04916364374457417,0.236504004309821,-0.9538030255566965,0.6222822175631375,0.7427924004194719,0.23374716421597283,1.2625891025988913,0.3397694089725437,0.5221283107851156,0.6114760121085031,0.20392762368186795,1.1384061285303617,0.8742124098412759,0.3926911709718726,0.5390851420511603,0.07676523422342675,1.0708996676721103,0.9617055056911981,0.4249979442157129,0.5732803704392343,0.07055938801863222,1.2634483566338117,0.9717195577429307,0.19239470391209218,0.2585252168053112,0.03962546602724386,0.5424098289764157,0.49261156859394295,1.2271310583610597,1.7674678178761134,0.2357321940140566,4.337864883495855,0.8677679207153275,0.6092878090130127,0.843415402591081,0.10966046881715069,1.6215618005360142
9,NIPCE 2,0.586909294128418,0.9677126363538668,0.19122542754614802,0.2440627766639035,0.04661654161109207,0.5022906430499239,0.9743434386525447,3.0016336640844936e-06,3.728643101550078e-06,0.09812060974092432,7.758748346880208e-06,0.9749024211508658,4.998467229615274e-05,6.697630023120973e-05,0.03257583792988572,0.00014686951901668552,0.9360900349837245,11.40890248613041,13.337167123994135,0.08209268443228311,24.69338016112215,0.4133859289003753,0.34375136983890053,0.37673007016998267,0.10356844761510911,0.5531936073806629,0.7801126307973847,0.47766748847061224,0.5500551059834891,0.0404709722974784,0.9687450004704541,0.8403862838385692,0.41662687037772894,0.46053698057213566,0.03445034590968586,0.7199180857204652,-0.8010898716147326,0.3319503914161088,0.4193179660391009,0.10928720395258094,0.6438798699597497,0.8909942896582739,0.742474444114052,1.050171521754649,0.11788537306067075,2.6112612654840834,0.9485518725689794,0.5290420141004442,0.5602179123486613,0.10710208356751819,0.9413151004242621,0.7334498220686735,0.17359690914660963,0.21373365797504934,0.07866913616520681,0.3470277751620483,0.8281963361770249,0.30614719405408053,0.3556223137195888,0.10584258684215692,0.5660637704540976,0.33082076909634517,0.39479428912173486,0.5682035721141395,0.12186796577988393,1.365377264378783,0.8446230804668102,0.13329310365121422,0.15869945919701378,0.04828531068249245,0.3154446733423697,0.7056232327348468,0.6750681903311028,0.8277035452246783,0.20528358740506297,1.4602666070849386,0.7429865868449719,0.6010692569678268,0.7960737671830254,0.29392196932977294,1.546262017216636,0.94599086642408,0.3349294108791042,0.4334829709208108,0.06771170897143115,0.9653500259995784,0.8956456501766772,0.6465217615667809,0.8427639558961791,0.08734186341372208,1.7572472294537587,0.8546683868321505,0.49190317265773664,0.6245039157550771,0.08405198856289171,1.3116873287510913,0.9217114921600777,1.088030073280217,1.394502898602671,0.19117332078874202,2.8613685798805806,0.9479712113242778,0.4716270037914688,0.6258614448290689,0.09766313985505184,1.2830207574866774
10,NIPCE 2,0.5886807441711426,0.920054542125325,0.31411368988990385,0.3840970322574327,0.061962299219616185,0.7707535147036388,0.90930222344397,5.357863942580667e-06,5.797369687491062e-06,0.13724484263685294,9.398104278801313e-06,0.9897588631230961,3.890554007256495e-05,4.538014263817769e-05,0.025845253460474574,7.25045131839961e-05,0.8672953224780278,16.918633222556586,23.0365829007762,0.1038424017470608,50.83243333664643,0.6552446078237188,0.35354485174055084,0.3936177379657185,0.10132539462543463,0.5303257259206933,0.8528745502312033,0.44242767963628116,0.5304585862552132,0.03763505973418598,0.8890910669601872,0.6772685545980162,0.4911171165716426,0.6160067381007301,0.03844353260168881,1.4034242885016823,0.5976089318137563,0.2395747910032105,0.3086407816594383,0.07135885614497312,0.6443192887604989,0.8685537132348841,0.8371208489341261,1.0540935982182125,0.12696489982794018,2.4665935294751176,0.8554676743316381,0.8941629021694903,0.9928735793617255,0.1537777102868973,1.9778895451264749,0.6402612928034934,0.19751781371709842,0.25786766968922964,0.09314404760325355,0.5562667205623648,0.5897203583919071,0.5399977775668737,0.6825317209502477,0.15976511872433863,1.33866689819921,0.20408260510492138,0.5411843113976593,0.6734217515468037,0.1894739398222462,1.4587366462509919,0.5368970573914684,0.35214691291126443,0.4274304475735117,0.11756407815357184,0.7677189578983978,0.6724706073202151,0.8124778732127047,0.9228340552012598,0.2736303220350079,1.505514325519084,0.7620235362982972,0.729529024850986,0.8416928451846794,0.26169723454496513,1.3789009034483235,0.7069794963115597,0.7758131265993744,1.0189040559264113,0.1315552716832941,2.095004218538925,0.8307554157186446,0.9943942713460681,1.2514294805749213,0.1378812817497177,2.226566832482302,0.7761376546611192,0.6399489297495703,0.8359629892287772,0.10472794567765567,1.961908822502381,0.7848145774919267,1.363853542047191,1.7308705360460335,0.2087222329494119,3.3045485607058085,0.9281212587649282,0.6394413509844388,0.7833672600109508,0.09946068522307039,1.4189549867333007
